config_id,routing_strategy,scheduler,time_step_s,offered_load_factor,deadline_factor,backhaul_factor,minimum_elevation_deg,rf_efficiency_factor,item_id,delivered,deadline_met,latency_s,failure_reason
canonical-contact-plan-routing-v1.1,next-contact,edf,1.0,0.75,0.75,0.5,10.0,0.75,archive-001,True,True,456.8763583731704,
canonical-contact-plan-routing-v1.1,next-contact,edf,1.0,0.75,0.75,0.5,10.0,0.75,telemetry-001,True,True,418.84905993753,
canonical-contact-plan-routing-v1.1,next-contact,edf,1.0,0.75,0.75,0.5,10.0,0.75,waveform-001,True,True,430.38818891095946,
canonical-contact-plan-routing-v1.1,next-contact,edf,1.0,0.75,0.75,0.5,10.0,0.75,image-001,False,False,,INSUFFICIENT_CAPACITY
canonical-contact-plan-routing-v1.1,earliest-arrival,edf,1.0,0.75,0.75,0.5,10.0,0.75,archive-001,True,True,456.8763583731704,
canonical-contact-plan-routing-v1.1,earliest-arrival,edf,1.0,0.75,0.75,0.5,10.0,0.75,telemetry-001,True,True,406.1346565738996,
canonical-contact-plan-routing-v1.1,earliest-arrival,edf,1.0,0.75,0.75,0.5,10.0,0.75,waveform-001,True,True,438.9617315191043,
canonical-contact-plan-routing-v1.1,earliest-arrival,edf,1.0,0.75,0.75,0.5,10.0,0.75,image-001,False,False,,INSUFFICIENT_CAPACITY
canonical-contact-plan-routing-v1.1,deadline-aware,edf,1.0,0.75,0.75,0.5,10.0,0.75,archive-001,True,True,456.8763583731704,
canonical-contact-plan-routing-v1.1,deadline-aware,edf,1.0,0.75,0.75,0.5,10.0,0.75,telemetry-001,True,True,406.1346565738996,
canonical-contact-plan-routing-v1.1,deadline-aware,edf,1.0,0.75,0.75,0.5,10.0,0.75,waveform-001,True,True,438.9617315191043,
canonical-contact-plan-routing-v1.1,deadline-aware,edf,1.0,0.75,0.75,0.5,10.0,0.75,image-001,False,False,,INSUFFICIENT_CAPACITY
canonical-contact-plan-routing-v1.1,next-contact,edf,1.0,0.75,1.0,0.5,10.0,0.75,archive-001,True,True,456.8763583731704,
canonical-contact-plan-routing-v1.1,next-contact,edf,1.0,0.75,1.0,0.5,10.0,0.75,telemetry-001,True,True,418.84905993753,
canonical-contact-plan-routing-v1.1,next-contact,edf,1.0,0.75,1.0,0.5,10.0,0.75,waveform-001,True,True,430.38818891095946,
canonical-contact-plan-routing-v1.1,next-contact,edf,1.0,0.75,1.0,0.5,10.0,0.75,image-001,False,False,,INSUFFICIENT_CAPACITY
canonical-contact-plan-routing-v1.1,earliest-arrival,edf,1.0,0.75,1.0,0.5,10.0,0.75,archive-001,True,True,456.8763583731704,
canonical-contact-plan-routing-v1.1,earliest-arrival,edf,1.0,0.75,1.0,0.5,10.0,0.75,telemetry-001,True,True,406.1346565738996,
canonical-contact-plan-routing-v1.1,earliest-arrival,edf,1.0,0.75,1.0,0.5,10.0,0.75,waveform-001,True,True,438.9617315191043,
canonical-contact-plan-routing-v1.1,earliest-arrival,edf,1.0,0.75,1.0,0.5,10.0,0.75,image-001,False,False,,INSUFFICIENT_CAPACITY
canonical-contact-plan-routing-v1.1,deadline-aware,edf,1.0,0.75,1.0,0.5,10.0,0.75,archive-001,True,True,456.8763583731704,
canonical-contact-plan-routing-v1.1,deadline-aware,edf,1.0,0.75,1.0,0.5,10.0,0.75,telemetry-001,True,True,406.1346565738996,
canonical-contact-plan-routing-v1.1,deadline-aware,edf,1.0,0.75,1.0,0.5,10.0,0.75,waveform-001,True,True,438.9617315191043,
canonical-contact-plan-routing-v1.1,deadline-aware,edf,1.0,0.75,1.0,0.5,10.0,0.75,image-001,False,False,,INSUFFICIENT_CAPACITY
canonical-contact-plan-routing-v1.1,next-contact,edf,1.0,0.75,1.5,0.5,10.0,0.75,archive-001,True,True,456.8763583731704,
canonical-contact-plan-routing-v1.1,next-contact,edf,1.0,0.75,1.5,0.5,10.0,0.75,telemetry-001,True,True,418.84905993753,
canonical-contact-plan-routing-v1.1,next-contact,edf,1.0,0.75,1.5,0.5,10.0,0.75,waveform-001,True,True,430.38818891095946,
canonical-contact-plan-routing-v1.1,next-contact,edf,1.0,0.75,1.5,0.5,10.0,0.75,image-001,False,False,,INSUFFICIENT_CAPACITY
canonical-contact-plan-routing-v1.1,earliest-arrival,edf,1.0,0.75,1.5,0.5,10.0,0.75,archive-001,True,True,456.8763583731704,
canonical-contact-plan-routing-v1.1,earliest-arrival,edf,1.0,0.75,1.5,0.5,10.0,0.75,telemetry-001,True,True,406.1346565738996,
canonical-contact-plan-routing-v1.1,earliest-arrival,edf,1.0,0.75,1.5,0.5,10.0,0.75,waveform-001,True,True,438.9617315191043,
canonical-contact-plan-routing-v1.1,earliest-arrival,edf,1.0,0.75,1.5,0.5,10.0,0.75,image-001,False,False,,INSUFFICIENT_CAPACITY
canonical-contact-plan-routing-v1.1,deadline-aware,edf,1.0,0.75,1.5,0.5,10.0,0.75,archive-001,True,True,456.8763583731704,
canonical-contact-plan-routing-v1.1,deadline-aware,edf,1.0,0.75,1.5,0.5,10.0,0.75,telemetry-001,True,True,406.1346565738996,
canonical-contact-plan-routing-v1.1,deadline-aware,edf,1.0,0.75,1.5,0.5,10.0,0.75,waveform-001,True,True,438.9617315191043,
canonical-contact-plan-routing-v1.1,deadline-aware,edf,1.0,0.75,1.5,0.5,10.0,0.75,image-001,False,False,,INSUFFICIENT_CAPACITY
canonical-contact-plan-routing-v1.1,next-contact,edf,1.0,1.0,0.75,0.5,10.0,0.75,archive-001,True,True,494.55651302213823,
canonical-contact-plan-routing-v1.1,next-contact,edf,1.0,1.0,0.75,0.5,10.0,0.75,telemetry-001,True,True,449.57044780597994,
canonical-contact-plan-routing-v1.1,next-contact,edf,1.0,1.0,0.75,0.5,10.0,0.75,waveform-001,True,False,6154.558175353722,
canonical-contact-plan-routing-v1.1,next-contact,edf,1.0,1.0,0.75,0.5,10.0,0.75,image-001,False,False,,INSUFFICIENT_CAPACITY
canonical-contact-plan-routing-v1.1,earliest-arrival,edf,1.0,1.0,0.75,0.5,10.0,0.75,archive-001,True,True,494.55651302213823,
canonical-contact-plan-routing-v1.1,earliest-arrival,edf,1.0,1.0,0.75,0.5,10.0,0.75,telemetry-001,True,True,449.57044780597994,
canonical-contact-plan-routing-v1.1,earliest-arrival,edf,1.0,1.0,0.75,0.5,10.0,0.75,waveform-001,True,False,6154.558175353722,
canonical-contact-plan-routing-v1.1,earliest-arrival,edf,1.0,1.0,0.75,0.5,10.0,0.75,image-001,False,False,,INSUFFICIENT_CAPACITY
canonical-contact-plan-routing-v1.1,deadline-aware,edf,1.0,1.0,0.75,0.5,10.0,0.75,archive-001,True,True,494.55651302213823,
canonical-contact-plan-routing-v1.1,deadline-aware,edf,1.0,1.0,0.75,0.5,10.0,0.75,telemetry-001,True,True,449.57044780597994,
canonical-contact-plan-routing-v1.1,deadline-aware,edf,1.0,1.0,0.75,0.5,10.0,0.75,waveform-001,False,False,,DEADLINE_INFEASIBLE
canonical-contact-plan-routing-v1.1,deadline-aware,edf,1.0,1.0,0.75,0.5,10.0,0.75,image-001,False,False,,INSUFFICIENT_CAPACITY
canonical-contact-plan-routing-v1.1,next-contact,edf,1.0,1.0,1.0,0.5,10.0,0.75,archive-001,True,True,494.55651302213823,
canonical-contact-plan-routing-v1.1,next-contact,edf,1.0,1.0,1.0,0.5,10.0,0.75,telemetry-001,True,True,449.57044780597994,
canonical-contact-plan-routing-v1.1,next-contact,edf,1.0,1.0,1.0,0.5,10.0,0.75,waveform-001,True,False,6154.558175353722,
canonical-contact-plan-routing-v1.1,next-contact,edf,1.0,1.0,1.0,0.5,10.0,0.75,image-001,False,False,,INSUFFICIENT_CAPACITY
canonical-contact-plan-routing-v1.1,earliest-arrival,edf,1.0,1.0,1.0,0.5,10.0,0.75,archive-001,True,True,494.55651302213823,
canonical-contact-plan-routing-v1.1,earliest-arrival,edf,1.0,1.0,1.0,0.5,10.0,0.75,telemetry-001,True,True,449.57044780597994,
canonical-contact-plan-routing-v1.1,earliest-arrival,edf,1.0,1.0,1.0,0.5,10.0,0.75,waveform-001,True,False,6154.558175353722,
canonical-contact-plan-routing-v1.1,earliest-arrival,edf,1.0,1.0,1.0,0.5,10.0,0.75,image-001,False,False,,INSUFFICIENT_CAPACITY
canonical-contact-plan-routing-v1.1,deadline-aware,edf,1.0,1.0,1.0,0.5,10.0,0.75,archive-001,True,True,494.55651302213823,
canonical-contact-plan-routing-v1.1,deadline-aware,edf,1.0,1.0,1.0,0.5,10.0,0.75,telemetry-001,True,True,449.57044780597994,
canonical-contact-plan-routing-v1.1,deadline-aware,edf,1.0,1.0,1.0,0.5,10.0,0.75,waveform-001,False,False,,DEADLINE_INFEASIBLE
canonical-contact-plan-routing-v1.1,deadline-aware,edf,1.0,1.0,1.0,0.5,10.0,0.75,image-001,False,False,,INSUFFICIENT_CAPACITY
canonical-contact-plan-routing-v1.1,next-contact,edf,1.0,1.0,1.5,0.5,10.0,0.75,archive-001,True,True,494.55651302213823,
canonical-contact-plan-routing-v1.1,next-contact,edf,1.0,1.0,1.5,0.5,10.0,0.75,telemetry-001,True,True,449.57044780597994,
canonical-contact-plan-routing-v1.1,next-contact,edf,1.0,1.0,1.5,0.5,10.0,0.75,waveform-001,True,False,6154.558175353722,
canonical-contact-plan-routing-v1.1,next-contact,edf,1.0,1.0,1.5,0.5,10.0,0.75,image-001,False,False,,INSUFFICIENT_CAPACITY
canonical-contact-plan-routing-v1.1,earliest-arrival,edf,1.0,1.0,1.5,0.5,10.0,0.75,archive-001,True,True,494.55651302213823,
canonical-contact-plan-routing-v1.1,earliest-arrival,edf,1.0,1.0,1.5,0.5,10.0,0.75,telemetry-001,True,True,449.57044780597994,
canonical-contact-plan-routing-v1.1,earliest-arrival,edf,1.0,1.0,1.5,0.5,10.0,0.75,waveform-001,True,False,6154.558175353722,
canonical-contact-plan-routing-v1.1,earliest-arrival,edf,1.0,1.0,1.5,0.5,10.0,0.75,image-001,False,False,,INSUFFICIENT_CAPACITY
canonical-contact-plan-routing-v1.1,deadline-aware,edf,1.0,1.0,1.5,0.5,10.0,0.75,archive-001,True,True,494.55651302213823,
canonical-contact-plan-routing-v1.1,deadline-aware,edf,1.0,1.0,1.5,0.5,10.0,0.75,telemetry-001,True,True,449.57044780597994,
canonical-contact-plan-routing-v1.1,deadline-aware,edf,1.0,1.0,1.5,0.5,10.0,0.75,waveform-001,False,False,,DEADLINE_INFEASIBLE
canonical-contact-plan-routing-v1.1,deadline-aware,edf,1.0,1.0,1.5,0.5,10.0,0.75,image-001,False,False,,INSUFFICIENT_CAPACITY
canonical-contact-plan-routing-v1.1,next-contact,edf,1.0,1.25,0.75,0.5,10.0,0.75,archive-001,True,True,544.6371093933263,
canonical-contact-plan-routing-v1.1,next-contact,edf,1.0,1.25,0.75,0.5,10.0,0.75,telemetry-001,True,True,518.1607164444779,
canonical-contact-plan-routing-v1.1,next-contact,edf,1.0,1.25,0.75,0.5,10.0,0.75,waveform-001,True,False,6202.830440572603,
canonical-contact-plan-routing-v1.1,next-contact,edf,1.0,1.25,0.75,0.5,10.0,0.75,image-001,False,False,,INSUFFICIENT_CAPACITY
canonical-contact-plan-routing-v1.1,earliest-arrival,edf,1.0,1.25,0.75,0.5,10.0,0.75,archive-001,True,True,544.6371093933263,
canonical-contact-plan-routing-v1.1,earliest-arrival,edf,1.0,1.25,0.75,0.5,10.0,0.75,telemetry-001,True,True,518.1607164444779,
canonical-contact-plan-routing-v1.1,earliest-arrival,edf,1.0,1.25,0.75,0.5,10.0,0.75,waveform-001,True,False,6202.830440572603,
canonical-contact-plan-routing-v1.1,earliest-arrival,edf,1.0,1.25,0.75,0.5,10.0,0.75,image-001,False,False,,INSUFFICIENT_CAPACITY
canonical-contact-plan-routing-v1.1,deadline-aware,edf,1.0,1.25,0.75,0.5,10.0,0.75,archive-001,True,True,544.6371093933263,
canonical-contact-plan-routing-v1.1,deadline-aware,edf,1.0,1.25,0.75,0.5,10.0,0.75,telemetry-001,True,True,518.1607164444779,
canonical-contact-plan-routing-v1.1,deadline-aware,edf,1.0,1.25,0.75,0.5,10.0,0.75,waveform-001,False,False,,DEADLINE_INFEASIBLE
canonical-contact-plan-routing-v1.1,deadline-aware,edf,1.0,1.25,0.75,0.5,10.0,0.75,image-001,False,False,,INSUFFICIENT_CAPACITY
canonical-contact-plan-routing-v1.1,next-contact,edf,1.0,1.25,1.0,0.5,10.0,0.75,archive-001,True,True,544.6371093933263,
canonical-contact-plan-routing-v1.1,next-contact,edf,1.0,1.25,1.0,0.5,10.0,0.75,telemetry-001,True,True,518.1607164444779,
canonical-contact-plan-routing-v1.1,next-contact,edf,1.0,1.25,1.0,0.5,10.0,0.75,waveform-001,True,False,6202.830440572603,
canonical-contact-plan-routing-v1.1,next-contact,edf,1.0,1.25,1.0,0.5,10.0,0.75,image-001,False,False,,INSUFFICIENT_CAPACITY
canonical-contact-plan-routing-v1.1,earliest-arrival,edf,1.0,1.25,1.0,0.5,10.0,0.75,archive-001,True,True,544.6371093933263,
canonical-contact-plan-routing-v1.1,earliest-arrival,edf,1.0,1.25,1.0,0.5,10.0,0.75,telemetry-001,True,True,518.1607164444779,
canonical-contact-plan-routing-v1.1,earliest-arrival,edf,1.0,1.25,1.0,0.5,10.0,0.75,waveform-001,True,False,6202.830440572603,
canonical-contact-plan-routing-v1.1,earliest-arrival,edf,1.0,1.25,1.0,0.5,10.0,0.75,image-001,False,False,,INSUFFICIENT_CAPACITY
canonical-contact-plan-routing-v1.1,deadline-aware,edf,1.0,1.25,1.0,0.5,10.0,0.75,archive-001,True,True,544.6371093933263,
canonical-contact-plan-routing-v1.1,deadline-aware,edf,1.0,1.25,1.0,0.5,10.0,0.75,telemetry-001,True,True,518.1607164444779,
canonical-contact-plan-routing-v1.1,deadline-aware,edf,1.0,1.25,1.0,0.5,10.0,0.75,waveform-001,False,False,,DEADLINE_INFEASIBLE
canonical-contact-plan-routing-v1.1,deadline-aware,edf,1.0,1.25,1.0,0.5,10.0,0.75,image-001,False,False,,INSUFFICIENT_CAPACITY
canonical-contact-plan-routing-v1.1,next-contact,edf,1.0,1.25,1.5,0.5,10.0,0.75,archive-001,True,True,544.6371093933263,
canonical-contact-plan-routing-v1.1,next-contact,edf,1.0,1.25,1.5,0.5,10.0,0.75,telemetry-001,True,True,518.1607164444779,
canonical-contact-plan-routing-v1.1,next-contact,edf,1.0,1.25,1.5,0.5,10.0,0.75,waveform-001,True,False,6202.830440572603,
canonical-contact-plan-routing-v1.1,next-contact,edf,1.0,1.25,1.5,0.5,10.0,0.75,image-001,False,False,,INSUFFICIENT_CAPACITY
canonical-contact-plan-routing-v1.1,earliest-arrival,edf,1.0,1.25,1.5,0.5,10.0,0.75,archive-001,True,True,544.6371093933263,
canonical-contact-plan-routing-v1.1,earliest-arrival,edf,1.0,1.25,1.5,0.5,10.0,0.75,telemetry-001,True,True,518.1607164444779,
canonical-contact-plan-routing-v1.1,earliest-arrival,edf,1.0,1.25,1.5,0.5,10.0,0.75,waveform-001,True,False,6202.830440572603,
canonical-contact-plan-routing-v1.1,earliest-arrival,edf,1.0,1.25,1.5,0.5,10.0,0.75,image-001,False,False,,INSUFFICIENT_CAPACITY
canonical-contact-plan-routing-v1.1,deadline-aware,edf,1.0,1.25,1.5,0.5,10.0,0.75,archive-001,True,True,544.6371093933263,
canonical-contact-plan-routing-v1.1,deadline-aware,edf,1.0,1.25,1.5,0.5,10.0,0.75,telemetry-001,True,True,518.1607164444779,
canonical-contact-plan-routing-v1.1,deadline-aware,edf,1.0,1.25,1.5,0.5,10.0,0.75,waveform-001,False,False,,DEADLINE_INFEASIBLE
canonical-contact-plan-routing-v1.1,deadline-aware,edf,1.0,1.25,1.5,0.5,10.0,0.75,image-001,False,False,,INSUFFICIENT_CAPACITY
canonical-contact-plan-routing-v1.1,next-contact,edf,1.0,0.75,0.75,1.5,10.0,0.75,archive-001,True,True,501.8763583731704,
canonical-contact-plan-routing-v1.1,next-contact,edf,1.0,0.75,0.75,1.5,10.0,0.75,telemetry-001,True,True,463.84905993753,
canonical-contact-plan-routing-v1.1,next-contact,edf,1.0,0.75,0.75,1.5,10.0,0.75,waveform-001,True,True,435.38818891095946,
canonical-contact-plan-routing-v1.1,next-contact,edf,1.0,0.75,0.75,1.5,10.0,0.75,image-001,False,False,,INSUFFICIENT_CAPACITY
canonical-contact-plan-routing-v1.1,earliest-arrival,edf,1.0,0.75,0.75,1.5,10.0,0.75,archive-001,True,True,501.8763583731704,
canonical-contact-plan-routing-v1.1,earliest-arrival,edf,1.0,0.75,0.75,1.5,10.0,0.75,telemetry-001,True,True,411.1346565738996,
canonical-contact-plan-routing-v1.1,earliest-arrival,edf,1.0,0.75,0.75,1.5,10.0,0.75,waveform-001,True,True,443.9617315191043,
canonical-contact-plan-routing-v1.1,earliest-arrival,edf,1.0,0.75,0.75,1.5,10.0,0.75,image-001,False,False,,INSUFFICIENT_CAPACITY
canonical-contact-plan-routing-v1.1,deadline-aware,edf,1.0,0.75,0.75,1.5,10.0,0.75,archive-001,True,True,501.8763583731704,
canonical-contact-plan-routing-v1.1,deadline-aware,edf,1.0,0.75,0.75,1.5,10.0,0.75,telemetry-001,True,True,411.1346565738996,
canonical-contact-plan-routing-v1.1,deadline-aware,edf,1.0,0.75,0.75,1.5,10.0,0.75,waveform-001,True,True,443.9617315191043,
canonical-contact-plan-routing-v1.1,deadline-aware,edf,1.0,0.75,0.75,1.5,10.0,0.75,image-001,False,False,,INSUFFICIENT_CAPACITY
canonical-contact-plan-routing-v1.1,next-contact,edf,1.0,0.75,1.0,1.5,10.0,0.75,archive-001,True,True,501.8763583731704,
canonical-contact-plan-routing-v1.1,next-contact,edf,1.0,0.75,1.0,1.5,10.0,0.75,telemetry-001,True,True,463.84905993753,
canonical-contact-plan-routing-v1.1,next-contact,edf,1.0,0.75,1.0,1.5,10.0,0.75,waveform-001,True,True,435.38818891095946,
canonical-contact-plan-routing-v1.1,next-contact,edf,1.0,0.75,1.0,1.5,10.0,0.75,image-001,False,False,,INSUFFICIENT_CAPACITY
canonical-contact-plan-routing-v1.1,earliest-arrival,edf,1.0,0.75,1.0,1.5,10.0,0.75,archive-001,True,True,501.8763583731704,
canonical-contact-plan-routing-v1.1,earliest-arrival,edf,1.0,0.75,1.0,1.5,10.0,0.75,telemetry-001,True,True,411.1346565738996,
canonical-contact-plan-routing-v1.1,earliest-arrival,edf,1.0,0.75,1.0,1.5,10.0,0.75,waveform-001,True,True,443.9617315191043,
canonical-contact-plan-routing-v1.1,earliest-arrival,edf,1.0,0.75,1.0,1.5,10.0,0.75,image-001,False,False,,INSUFFICIENT_CAPACITY
canonical-contact-plan-routing-v1.1,deadline-aware,edf,1.0,0.75,1.0,1.5,10.0,0.75,archive-001,True,True,501.8763583731704,
canonical-contact-plan-routing-v1.1,deadline-aware,edf,1.0,0.75,1.0,1.5,10.0,0.75,telemetry-001,True,True,411.1346565738996,
canonical-contact-plan-routing-v1.1,deadline-aware,edf,1.0,0.75,1.0,1.5,10.0,0.75,waveform-001,True,True,443.9617315191043,
canonical-contact-plan-routing-v1.1,deadline-aware,edf,1.0,0.75,1.0,1.5,10.0,0.75,image-001,False,False,,INSUFFICIENT_CAPACITY
canonical-contact-plan-routing-v1.1,next-contact,edf,1.0,0.75,1.5,1.5,10.0,0.75,archive-001,True,True,501.8763583731704,
canonical-contact-plan-routing-v1.1,next-contact,edf,1.0,0.75,1.5,1.5,10.0,0.75,telemetry-001,True,True,463.84905993753,
canonical-contact-plan-routing-v1.1,next-contact,edf,1.0,0.75,1.5,1.5,10.0,0.75,waveform-001,True,True,435.38818891095946,
canonical-contact-plan-routing-v1.1,next-contact,edf,1.0,0.75,1.5,1.5,10.0,0.75,image-001,False,False,,INSUFFICIENT_CAPACITY
canonical-contact-plan-routing-v1.1,earliest-arrival,edf,1.0,0.75,1.5,1.5,10.0,0.75,archive-001,True,True,501.8763583731704,
canonical-contact-plan-routing-v1.1,earliest-arrival,edf,1.0,0.75,1.5,1.5,10.0,0.75,telemetry-001,True,True,411.1346565738996,
canonical-contact-plan-routing-v1.1,earliest-arrival,edf,1.0,0.75,1.5,1.5,10.0,0.75,waveform-001,True,True,443.9617315191043,
canonical-contact-plan-routing-v1.1,earliest-arrival,edf,1.0,0.75,1.5,1.5,10.0,0.75,image-001,False,False,,INSUFFICIENT_CAPACITY
canonical-contact-plan-routing-v1.1,deadline-aware,edf,1.0,0.75,1.5,1.5,10.0,0.75,archive-001,True,True,501.8763583731704,
canonical-contact-plan-routing-v1.1,deadline-aware,edf,1.0,0.75,1.5,1.5,10.0,0.75,telemetry-001,True,True,411.1346565738996,
canonical-contact-plan-routing-v1.1,deadline-aware,edf,1.0,0.75,1.5,1.5,10.0,0.75,waveform-001,True,True,443.9617315191043,
canonical-contact-plan-routing-v1.1,deadline-aware,edf,1.0,0.75,1.5,1.5,10.0,0.75,image-001,False,False,,INSUFFICIENT_CAPACITY
canonical-contact-plan-routing-v1.1,next-contact,edf,1.0,1.0,0.75,1.5,10.0,0.75,archive-001,True,True,539.5565130221382,
canonical-contact-plan-routing-v1.1,next-contact,edf,1.0,1.0,0.75,1.5,10.0,0.75,telemetry-001,True,True,454.57044780597994,
canonical-contact-plan-routing-v1.1,next-contact,edf,1.0,1.0,0.75,1.5,10.0,0.75,waveform-001,True,False,6334.558175353722,
canonical-contact-plan-routing-v1.1,next-contact,edf,1.0,1.0,0.75,1.5,10.0,0.75,image-001,False,False,,INSUFFICIENT_CAPACITY
canonical-contact-plan-routing-v1.1,earliest-arrival,edf,1.0,1.0,0.75,1.5,10.0,0.75,archive-001,True,True,539.5565130221382,
canonical-contact-plan-routing-v1.1,earliest-arrival,edf,1.0,1.0,0.75,1.5,10.0,0.75,telemetry-001,True,True,454.57044780597994,
canonical-contact-plan-routing-v1.1,earliest-arrival,edf,1.0,1.0,0.75,1.5,10.0,0.75,waveform-001,True,False,6294.43375696077,
canonical-contact-plan-routing-v1.1,earliest-arrival,edf,1.0,1.0,0.75,1.5,10.0,0.75,image-001,False,False,,INSUFFICIENT_CAPACITY
canonical-contact-plan-routing-v1.1,deadline-aware,edf,1.0,1.0,0.75,1.5,10.0,0.75,archive-001,True,True,539.5565130221382,
canonical-contact-plan-routing-v1.1,deadline-aware,edf,1.0,1.0,0.75,1.5,10.0,0.75,telemetry-001,True,True,454.57044780597994,
canonical-contact-plan-routing-v1.1,deadline-aware,edf,1.0,1.0,0.75,1.5,10.0,0.75,waveform-001,False,False,,DEADLINE_INFEASIBLE
canonical-contact-plan-routing-v1.1,deadline-aware,edf,1.0,1.0,0.75,1.5,10.0,0.75,image-001,False,False,,INSUFFICIENT_CAPACITY
canonical-contact-plan-routing-v1.1,next-contact,edf,1.0,1.0,1.0,1.5,10.0,0.75,archive-001,True,True,539.5565130221382,
canonical-contact-plan-routing-v1.1,next-contact,edf,1.0,1.0,1.0,1.5,10.0,0.75,telemetry-001,True,True,454.57044780597994,
canonical-contact-plan-routing-v1.1,next-contact,edf,1.0,1.0,1.0,1.5,10.0,0.75,waveform-001,True,False,6334.558175353722,
canonical-contact-plan-routing-v1.1,next-contact,edf,1.0,1.0,1.0,1.5,10.0,0.75,image-001,False,False,,INSUFFICIENT_CAPACITY
canonical-contact-plan-routing-v1.1,earliest-arrival,edf,1.0,1.0,1.0,1.5,10.0,0.75,archive-001,True,True,539.5565130221382,
canonical-contact-plan-routing-v1.1,earliest-arrival,edf,1.0,1.0,1.0,1.5,10.0,0.75,telemetry-001,True,True,454.57044780597994,
canonical-contact-plan-routing-v1.1,earliest-arrival,edf,1.0,1.0,1.0,1.5,10.0,0.75,waveform-001,True,False,6294.43375696077,
canonical-contact-plan-routing-v1.1,earliest-arrival,edf,1.0,1.0,1.0,1.5,10.0,0.75,image-001,False,False,,INSUFFICIENT_CAPACITY
canonical-contact-plan-routing-v1.1,deadline-aware,edf,1.0,1.0,1.0,1.5,10.0,0.75,archive-001,True,True,539.5565130221382,
canonical-contact-plan-routing-v1.1,deadline-aware,edf,1.0,1.0,1.0,1.5,10.0,0.75,telemetry-001,True,True,454.57044780597994,
canonical-contact-plan-routing-v1.1,deadline-aware,edf,1.0,1.0,1.0,1.5,10.0,0.75,waveform-001,False,False,,DEADLINE_INFEASIBLE
canonical-contact-plan-routing-v1.1,deadline-aware,edf,1.0,1.0,1.0,1.5,10.0,0.75,image-001,False,False,,INSUFFICIENT_CAPACITY
canonical-contact-plan-routing-v1.1,next-contact,edf,1.0,1.0,1.5,1.5,10.0,0.75,archive-001,True,True,539.5565130221382,
canonical-contact-plan-routing-v1.1,next-contact,edf,1.0,1.0,1.5,1.5,10.0,0.75,telemetry-001,True,True,454.57044780597994,
canonical-contact-plan-routing-v1.1,next-contact,edf,1.0,1.0,1.5,1.5,10.0,0.75,waveform-001,True,False,6334.558175353722,
canonical-contact-plan-routing-v1.1,next-contact,edf,1.0,1.0,1.5,1.5,10.0,0.75,image-001,False,False,,INSUFFICIENT_CAPACITY
canonical-contact-plan-routing-v1.1,earliest-arrival,edf,1.0,1.0,1.5,1.5,10.0,0.75,archive-001,True,True,539.5565130221382,
canonical-contact-plan-routing-v1.1,earliest-arrival,edf,1.0,1.0,1.5,1.5,10.0,0.75,telemetry-001,True,True,454.57044780597994,
canonical-contact-plan-routing-v1.1,earliest-arrival,edf,1.0,1.0,1.5,1.5,10.0,0.75,waveform-001,True,False,6294.43375696077,
canonical-contact-plan-routing-v1.1,earliest-arrival,edf,1.0,1.0,1.5,1.5,10.0,0.75,image-001,False,False,,INSUFFICIENT_CAPACITY
canonical-contact-plan-routing-v1.1,deadline-aware,edf,1.0,1.0,1.5,1.5,10.0,0.75,archive-001,True,True,539.5565130221382,
canonical-contact-plan-routing-v1.1,deadline-aware,edf,1.0,1.0,1.5,1.5,10.0,0.75,telemetry-001,True,True,454.57044780597994,
canonical-contact-plan-routing-v1.1,deadline-aware,edf,1.0,1.0,1.5,1.5,10.0,0.75,waveform-001,False,False,,DEADLINE_INFEASIBLE
canonical-contact-plan-routing-v1.1,deadline-aware,edf,1.0,1.0,1.5,1.5,10.0,0.75,image-001,False,False,,INSUFFICIENT_CAPACITY
canonical-contact-plan-routing-v1.1,next-contact,edf,1.0,1.25,0.75,1.5,10.0,0.75,archive-001,True,True,589.6371093933263,
canonical-contact-plan-routing-v1.1,next-contact,edf,1.0,1.25,0.75,1.5,10.0,0.75,telemetry-001,True,True,523.1607164444779,
canonical-contact-plan-routing-v1.1,next-contact,edf,1.0,1.25,0.75,1.5,10.0,0.75,waveform-001,True,False,6382.830440572603,
canonical-contact-plan-routing-v1.1,next-contact,edf,1.0,1.25,0.75,1.5,10.0,0.75,image-001,False,False,,INSUFFICIENT_CAPACITY
canonical-contact-plan-routing-v1.1,earliest-arrival,edf,1.0,1.25,0.75,1.5,10.0,0.75,archive-001,True,True,589.6371093933263,
canonical-contact-plan-routing-v1.1,earliest-arrival,edf,1.0,1.25,0.75,1.5,10.0,0.75,telemetry-001,True,True,523.1607164444779,
canonical-contact-plan-routing-v1.1,earliest-arrival,edf,1.0,1.25,0.75,1.5,10.0,0.75,waveform-001,True,False,6382.830440572603,
canonical-contact-plan-routing-v1.1,earliest-arrival,edf,1.0,1.25,0.75,1.5,10.0,0.75,image-001,False,False,,INSUFFICIENT_CAPACITY
canonical-contact-plan-routing-v1.1,deadline-aware,edf,1.0,1.25,0.75,1.5,10.0,0.75,archive-001,True,True,589.6371093933263,
canonical-contact-plan-routing-v1.1,deadline-aware,edf,1.0,1.25,0.75,1.5,10.0,0.75,telemetry-001,True,True,523.1607164444779,
canonical-contact-plan-routing-v1.1,deadline-aware,edf,1.0,1.25,0.75,1.5,10.0,0.75,waveform-001,False,False,,DEADLINE_INFEASIBLE
canonical-contact-plan-routing-v1.1,deadline-aware,edf,1.0,1.25,0.75,1.5,10.0,0.75,image-001,False,False,,INSUFFICIENT_CAPACITY
canonical-contact-plan-routing-v1.1,next-contact,edf,1.0,1.25,1.0,1.5,10.0,0.75,archive-001,True,True,589.6371093933263,
canonical-contact-plan-routing-v1.1,next-contact,edf,1.0,1.25,1.0,1.5,10.0,0.75,telemetry-001,True,True,523.1607164444779,
canonical-contact-plan-routing-v1.1,next-contact,edf,1.0,1.25,1.0,1.5,10.0,0.75,waveform-001,True,False,6382.830440572603,
canonical-contact-plan-routing-v1.1,next-contact,edf,1.0,1.25,1.0,1.5,10.0,0.75,image-001,False,False,,INSUFFICIENT_CAPACITY
canonical-contact-plan-routing-v1.1,earliest-arrival,edf,1.0,1.25,1.0,1.5,10.0,0.75,archive-001,True,True,589.6371093933263,
canonical-contact-plan-routing-v1.1,earliest-arrival,edf,1.0,1.25,1.0,1.5,10.0,0.75,telemetry-001,True,True,523.1607164444779,
canonical-contact-plan-routing-v1.1,earliest-arrival,edf,1.0,1.25,1.0,1.5,10.0,0.75,waveform-001,True,False,6382.830440572603,
canonical-contact-plan-routing-v1.1,earliest-arrival,edf,1.0,1.25,1.0,1.5,10.0,0.75,image-001,False,False,,INSUFFICIENT_CAPACITY
canonical-contact-plan-routing-v1.1,deadline-aware,edf,1.0,1.25,1.0,1.5,10.0,0.75,archive-001,True,True,589.6371093933263,
canonical-contact-plan-routing-v1.1,deadline-aware,edf,1.0,1.25,1.0,1.5,10.0,0.75,telemetry-001,True,True,523.1607164444779,
canonical-contact-plan-routing-v1.1,deadline-aware,edf,1.0,1.25,1.0,1.5,10.0,0.75,waveform-001,False,False,,DEADLINE_INFEASIBLE
canonical-contact-plan-routing-v1.1,deadline-aware,edf,1.0,1.25,1.0,1.5,10.0,0.75,image-001,False,False,,INSUFFICIENT_CAPACITY
canonical-contact-plan-routing-v1.1,next-contact,edf,1.0,1.25,1.5,1.5,10.0,0.75,archive-001,True,True,589.6371093933263,
canonical-contact-plan-routing-v1.1,next-contact,edf,1.0,1.25,1.5,1.5,10.0,0.75,telemetry-001,True,True,523.1607164444779,
canonical-contact-plan-routing-v1.1,next-contact,edf,1.0,1.25,1.5,1.5,10.0,0.75,waveform-001,True,False,6382.830440572603,
canonical-contact-plan-routing-v1.1,next-contact,edf,1.0,1.25,1.5,1.5,10.0,0.75,image-001,False,False,,INSUFFICIENT_CAPACITY
canonical-contact-plan-routing-v1.1,earliest-arrival,edf,1.0,1.25,1.5,1.5,10.0,0.75,archive-001,True,True,589.6371093933263,
canonical-contact-plan-routing-v1.1,earliest-arrival,edf,1.0,1.25,1.5,1.5,10.0,0.75,telemetry-001,True,True,523.1607164444779,
canonical-contact-plan-routing-v1.1,earliest-arrival,edf,1.0,1.25,1.5,1.5,10.0,0.75,waveform-001,True,False,6382.830440572603,
canonical-contact-plan-routing-v1.1,earliest-arrival,edf,1.0,1.25,1.5,1.5,10.0,0.75,image-001,False,False,,INSUFFICIENT_CAPACITY
canonical-contact-plan-routing-v1.1,deadline-aware,edf,1.0,1.25,1.5,1.5,10.0,0.75,archive-001,True,True,589.6371093933263,
canonical-contact-plan-routing-v1.1,deadline-aware,edf,1.0,1.25,1.5,1.5,10.0,0.75,telemetry-001,True,True,523.1607164444779,
canonical-contact-plan-routing-v1.1,deadline-aware,edf,1.0,1.25,1.5,1.5,10.0,0.75,waveform-001,False,False,,DEADLINE_INFEASIBLE
canonical-contact-plan-routing-v1.1,deadline-aware,edf,1.0,1.25,1.5,1.5,10.0,0.75,image-001,False,False,,INSUFFICIENT_CAPACITY
canonical-contact-plan-routing-v1.1,next-contact,edf,1.0,0.75,0.75,0.5,10.0,1.25,archive-001,True,True,573.0049145027758,
canonical-contact-plan-routing-v1.1,next-contact,edf,1.0,0.75,0.75,0.5,10.0,1.25,telemetry-001,True,True,441.17102193705114,
canonical-contact-plan-routing-v1.1,next-contact,edf,1.0,0.75,0.75,0.5,10.0,1.25,waveform-001,True,True,438.71629941177946,
canonical-contact-plan-routing-v1.1,next-contact,edf,1.0,0.75,0.75,0.5,10.0,1.25,image-001,True,False,6049.91511211236,
canonical-contact-plan-routing-v1.1,earliest-arrival,edf,1.0,0.75,0.75,0.5,10.0,1.25,archive-001,True,True,409.82971468646673,
canonical-contact-plan-routing-v1.1,earliest-arrival,edf,1.0,0.75,0.75,0.5,10.0,1.25,telemetry-001,True,True,354.1415757650794,
canonical-contact-plan-routing-v1.1,earliest-arrival,edf,1.0,0.75,0.75,0.5,10.0,1.25,waveform-001,True,True,355.16600853876594,
canonical-contact-plan-routing-v1.1,earliest-arrival,edf,1.0,0.75,0.75,0.5,10.0,1.25,image-001,True,False,6049.91511211236,
canonical-contact-plan-routing-v1.1,deadline-aware,edf,1.0,0.75,0.75,0.5,10.0,1.25,archive-001,True,True,409.82971468646673,
canonical-contact-plan-routing-v1.1,deadline-aware,edf,1.0,0.75,0.75,0.5,10.0,1.25,telemetry-001,True,True,354.1415757650794,
canonical-contact-plan-routing-v1.1,deadline-aware,edf,1.0,0.75,0.75,0.5,10.0,1.25,waveform-001,True,True,355.16600853876594,
canonical-contact-plan-routing-v1.1,deadline-aware,edf,1.0,0.75,0.75,0.5,10.0,1.25,image-001,False,False,,DEADLINE_INFEASIBLE
canonical-contact-plan-routing-v1.1,next-contact,edf,1.0,0.75,1.0,0.5,10.0,1.25,archive-001,True,True,573.0049145027758,
canonical-contact-plan-routing-v1.1,next-contact,edf,1.0,0.75,1.0,0.5,10.0,1.25,telemetry-001,True,True,441.17102193705114,
canonical-contact-plan-routing-v1.1,next-contact,edf,1.0,0.75,1.0,0.5,10.0,1.25,waveform-001,True,True,438.71629941177946,
canonical-contact-plan-routing-v1.1,next-contact,edf,1.0,0.75,1.0,0.5,10.0,1.25,image-001,True,True,6049.91511211236,
canonical-contact-plan-routing-v1.1,earliest-arrival,edf,1.0,0.75,1.0,0.5,10.0,1.25,archive-001,True,True,409.82971468646673,
canonical-contact-plan-routing-v1.1,earliest-arrival,edf,1.0,0.75,1.0,0.5,10.0,1.25,telemetry-001,True,True,354.1415757650794,
canonical-contact-plan-routing-v1.1,earliest-arrival,edf,1.0,0.75,1.0,0.5,10.0,1.25,waveform-001,True,True,355.16600853876594,
canonical-contact-plan-routing-v1.1,earliest-arrival,edf,1.0,0.75,1.0,0.5,10.0,1.25,image-001,True,True,6049.91511211236,
canonical-contact-plan-routing-v1.1,deadline-aware,edf,1.0,0.75,1.0,0.5,10.0,1.25,archive-001,True,True,409.82971468646673,
canonical-contact-plan-routing-v1.1,deadline-aware,edf,1.0,0.75,1.0,0.5,10.0,1.25,telemetry-001,True,True,354.1415757650794,
canonical-contact-plan-routing-v1.1,deadline-aware,edf,1.0,0.75,1.0,0.5,10.0,1.25,waveform-001,True,True,355.16600853876594,
canonical-contact-plan-routing-v1.1,deadline-aware,edf,1.0,0.75,1.0,0.5,10.0,1.25,image-001,True,True,6049.91511211236,
canonical-contact-plan-routing-v1.1,next-contact,edf,1.0,0.75,1.5,0.5,10.0,1.25,archive-001,True,True,573.0049145027758,
canonical-contact-plan-routing-v1.1,next-contact,edf,1.0,0.75,1.5,0.5,10.0,1.25,telemetry-001,True,True,441.17102193705114,
canonical-contact-plan-routing-v1.1,next-contact,edf,1.0,0.75,1.5,0.5,10.0,1.25,waveform-001,True,True,438.71629941177946,
canonical-contact-plan-routing-v1.1,next-contact,edf,1.0,0.75,1.5,0.5,10.0,1.25,image-001,True,True,6049.91511211236,
canonical-contact-plan-routing-v1.1,earliest-arrival,edf,1.0,0.75,1.5,0.5,10.0,1.25,archive-001,True,True,409.82971468646673,
canonical-contact-plan-routing-v1.1,earliest-arrival,edf,1.0,0.75,1.5,0.5,10.0,1.25,telemetry-001,True,True,354.1415757650794,
canonical-contact-plan-routing-v1.1,earliest-arrival,edf,1.0,0.75,1.5,0.5,10.0,1.25,waveform-001,True,True,355.16600853876594,
canonical-contact-plan-routing-v1.1,earliest-arrival,edf,1.0,0.75,1.5,0.5,10.0,1.25,image-001,True,True,6049.91511211236,
canonical-contact-plan-routing-v1.1,deadline-aware,edf,1.0,0.75,1.5,0.5,10.0,1.25,archive-001,True,True,409.82971468646673,
canonical-contact-plan-routing-v1.1,deadline-aware,edf,1.0,0.75,1.5,0.5,10.0,1.25,telemetry-001,True,True,354.1415757650794,
canonical-contact-plan-routing-v1.1,deadline-aware,edf,1.0,0.75,1.5,0.5,10.0,1.25,waveform-001,True,True,355.16600853876594,
canonical-contact-plan-routing-v1.1,deadline-aware,edf,1.0,0.75,1.5,0.5,10.0,1.25,image-001,True,True,6049.91511211236,
canonical-contact-plan-routing-v1.1,next-contact,edf,1.0,1.0,0.75,0.5,10.0,1.25,archive-001,True,True,434.6992740136078,
canonical-contact-plan-routing-v1.1,next-contact,edf,1.0,1.0,0.75,0.5,10.0,1.25,telemetry-001,True,True,392.53118992728326,
canonical-contact-plan-routing-v1.1,next-contact,edf,1.0,1.0,0.75,0.5,10.0,1.25,waveform-001,True,True,395.9257516437191,
canonical-contact-plan-routing-v1.1,next-contact,edf,1.0,1.0,0.75,0.5,10.0,1.25,image-001,False,False,,INSUFFICIENT_CAPACITY
canonical-contact-plan-routing-v1.1,earliest-arrival,edf,1.0,1.0,0.75,0.5,10.0,1.25,archive-001,True,True,434.6992740136078,
canonical-contact-plan-routing-v1.1,earliest-arrival,edf,1.0,1.0,0.75,0.5,10.0,1.25,telemetry-001,True,True,381.5497823356858,
canonical-contact-plan-routing-v1.1,earliest-arrival,edf,1.0,1.0,0.75,0.5,10.0,1.25,waveform-001,True,True,394.1415316123562,
canonical-contact-plan-routing-v1.1,earliest-arrival,edf,1.0,1.0,0.75,0.5,10.0,1.25,image-001,False,False,,INSUFFICIENT_CAPACITY
canonical-contact-plan-routing-v1.1,deadline-aware,edf,1.0,1.0,0.75,0.5,10.0,1.25,archive-001,True,True,434.6992740136078,
canonical-contact-plan-routing-v1.1,deadline-aware,edf,1.0,1.0,0.75,0.5,10.0,1.25,telemetry-001,True,True,381.5497823356858,
canonical-contact-plan-routing-v1.1,deadline-aware,edf,1.0,1.0,0.75,0.5,10.0,1.25,waveform-001,True,True,394.1415316123562,
canonical-contact-plan-routing-v1.1,deadline-aware,edf,1.0,1.0,0.75,0.5,10.0,1.25,image-001,False,False,,INSUFFICIENT_CAPACITY
canonical-contact-plan-routing-v1.1,next-contact,edf,1.0,1.0,1.0,0.5,10.0,1.25,archive-001,True,True,434.6992740136078,
canonical-contact-plan-routing-v1.1,next-contact,edf,1.0,1.0,1.0,0.5,10.0,1.25,telemetry-001,True,True,392.53118992728326,
canonical-contact-plan-routing-v1.1,next-contact,edf,1.0,1.0,1.0,0.5,10.0,1.25,waveform-001,True,True,395.9257516437191,
canonical-contact-plan-routing-v1.1,next-contact,edf,1.0,1.0,1.0,0.5,10.0,1.25,image-001,False,False,,INSUFFICIENT_CAPACITY
canonical-contact-plan-routing-v1.1,earliest-arrival,edf,1.0,1.0,1.0,0.5,10.0,1.25,archive-001,True,True,434.6992740136078,
canonical-contact-plan-routing-v1.1,earliest-arrival,edf,1.0,1.0,1.0,0.5,10.0,1.25,telemetry-001,True,True,381.5497823356858,
canonical-contact-plan-routing-v1.1,earliest-arrival,edf,1.0,1.0,1.0,0.5,10.0,1.25,waveform-001,True,True,394.1415316123562,
canonical-contact-plan-routing-v1.1,earliest-arrival,edf,1.0,1.0,1.0,0.5,10.0,1.25,image-001,False,False,,INSUFFICIENT_CAPACITY
canonical-contact-plan-routing-v1.1,deadline-aware,edf,1.0,1.0,1.0,0.5,10.0,1.25,archive-001,True,True,434.6992740136078,
canonical-contact-plan-routing-v1.1,deadline-aware,edf,1.0,1.0,1.0,0.5,10.0,1.25,telemetry-001,True,True,381.5497823356858,
canonical-contact-plan-routing-v1.1,deadline-aware,edf,1.0,1.0,1.0,0.5,10.0,1.25,waveform-001,True,True,394.1415316123562,
canonical-contact-plan-routing-v1.1,deadline-aware,edf,1.0,1.0,1.0,0.5,10.0,1.25,image-001,False,False,,INSUFFICIENT_CAPACITY
canonical-contact-plan-routing-v1.1,next-contact,edf,1.0,1.0,1.5,0.5,10.0,1.25,archive-001,True,True,434.6992740136078,
canonical-contact-plan-routing-v1.1,next-contact,edf,1.0,1.0,1.5,0.5,10.0,1.25,telemetry-001,True,True,392.53118992728326,
canonical-contact-plan-routing-v1.1,next-contact,edf,1.0,1.0,1.5,0.5,10.0,1.25,waveform-001,True,True,395.9257516437191,
canonical-contact-plan-routing-v1.1,next-contact,edf,1.0,1.0,1.5,0.5,10.0,1.25,image-001,False,False,,INSUFFICIENT_CAPACITY
canonical-contact-plan-routing-v1.1,earliest-arrival,edf,1.0,1.0,1.5,0.5,10.0,1.25,archive-001,True,True,434.6992740136078,
canonical-contact-plan-routing-v1.1,earliest-arrival,edf,1.0,1.0,1.5,0.5,10.0,1.25,telemetry-001,True,True,381.5497823356858,
canonical-contact-plan-routing-v1.1,earliest-arrival,edf,1.0,1.0,1.5,0.5,10.0,1.25,waveform-001,True,True,394.1415316123562,
canonical-contact-plan-routing-v1.1,earliest-arrival,edf,1.0,1.0,1.5,0.5,10.0,1.25,image-001,False,False,,INSUFFICIENT_CAPACITY
canonical-contact-plan-routing-v1.1,deadline-aware,edf,1.0,1.0,1.5,0.5,10.0,1.25,archive-001,True,True,434.6992740136078,
canonical-contact-plan-routing-v1.1,deadline-aware,edf,1.0,1.0,1.5,0.5,10.0,1.25,telemetry-001,True,True,381.5497823356858,
canonical-contact-plan-routing-v1.1,deadline-aware,edf,1.0,1.0,1.5,0.5,10.0,1.25,waveform-001,True,True,394.1415316123562,
canonical-contact-plan-routing-v1.1,deadline-aware,edf,1.0,1.0,1.5,0.5,10.0,1.25,image-001,False,False,,INSUFFICIENT_CAPACITY
canonical-contact-plan-routing-v1.1,next-contact,edf,1.0,1.25,0.75,0.5,10.0,1.25,archive-001,True,True,456.87635837317043,
canonical-contact-plan-routing-v1.1,next-contact,edf,1.0,1.25,0.75,0.5,10.0,1.25,telemetry-001,True,True,418.84905993753006,
canonical-contact-plan-routing-v1.1,next-contact,edf,1.0,1.25,0.75,0.5,10.0,1.25,waveform-001,True,True,430.38818891095957,
canonical-contact-plan-routing-v1.1,next-contact,edf,1.0,1.25,0.75,0.5,10.0,1.25,image-001,False,False,,INSUFFICIENT_CAPACITY
canonical-contact-plan-routing-v1.1,earliest-arrival,edf,1.0,1.25,0.75,0.5,10.0,1.25,archive-001,True,True,456.87635837317043,
canonical-contact-plan-routing-v1.1,earliest-arrival,edf,1.0,1.25,0.75,0.5,10.0,1.25,telemetry-001,True,True,406.13465657389963,
canonical-contact-plan-routing-v1.1,earliest-arrival,edf,1.0,1.25,0.75,0.5,10.0,1.25,waveform-001,True,True,438.96173151910443,
canonical-contact-plan-routing-v1.1,earliest-arrival,edf,1.0,1.25,0.75,0.5,10.0,1.25,image-001,False,False,,INSUFFICIENT_CAPACITY
canonical-contact-plan-routing-v1.1,deadline-aware,edf,1.0,1.25,0.75,0.5,10.0,1.25,archive-001,True,True,456.87635837317043,
canonical-contact-plan-routing-v1.1,deadline-aware,edf,1.0,1.25,0.75,0.5,10.0,1.25,telemetry-001,True,True,406.13465657389963,
canonical-contact-plan-routing-v1.1,deadline-aware,edf,1.0,1.25,0.75,0.5,10.0,1.25,waveform-001,True,True,438.96173151910443,
canonical-contact-plan-routing-v1.1,deadline-aware,edf,1.0,1.25,0.75,0.5,10.0,1.25,image-001,False,False,,INSUFFICIENT_CAPACITY
canonical-contact-plan-routing-v1.1,next-contact,edf,1.0,1.25,1.0,0.5,10.0,1.25,archive-001,True,True,456.87635837317043,
canonical-contact-plan-routing-v1.1,next-contact,edf,1.0,1.25,1.0,0.5,10.0,1.25,telemetry-001,True,True,418.84905993753006,
canonical-contact-plan-routing-v1.1,next-contact,edf,1.0,1.25,1.0,0.5,10.0,1.25,waveform-001,True,True,430.38818891095957,
canonical-contact-plan-routing-v1.1,next-contact,edf,1.0,1.25,1.0,0.5,10.0,1.25,image-001,False,False,,INSUFFICIENT_CAPACITY
canonical-contact-plan-routing-v1.1,earliest-arrival,edf,1.0,1.25,1.0,0.5,10.0,1.25,archive-001,True,True,456.87635837317043,
canonical-contact-plan-routing-v1.1,earliest-arrival,edf,1.0,1.25,1.0,0.5,10.0,1.25,telemetry-001,True,True,406.13465657389963,
canonical-contact-plan-routing-v1.1,earliest-arrival,edf,1.0,1.25,1.0,0.5,10.0,1.25,waveform-001,True,True,438.96173151910443,
canonical-contact-plan-routing-v1.1,earliest-arrival,edf,1.0,1.25,1.0,0.5,10.0,1.25,image-001,False,False,,INSUFFICIENT_CAPACITY
canonical-contact-plan-routing-v1.1,deadline-aware,edf,1.0,1.25,1.0,0.5,10.0,1.25,archive-001,True,True,456.87635837317043,
canonical-contact-plan-routing-v1.1,deadline-aware,edf,1.0,1.25,1.0,0.5,10.0,1.25,telemetry-001,True,True,406.13465657389963,
canonical-contact-plan-routing-v1.1,deadline-aware,edf,1.0,1.25,1.0,0.5,10.0,1.25,waveform-001,True,True,438.96173151910443,
canonical-contact-plan-routing-v1.1,deadline-aware,edf,1.0,1.25,1.0,0.5,10.0,1.25,image-001,False,False,,INSUFFICIENT_CAPACITY
canonical-contact-plan-routing-v1.1,next-contact,edf,1.0,1.25,1.5,0.5,10.0,1.25,archive-001,True,True,456.87635837317043,
canonical-contact-plan-routing-v1.1,next-contact,edf,1.0,1.25,1.5,0.5,10.0,1.25,telemetry-001,True,True,418.84905993753006,
canonical-contact-plan-routing-v1.1,next-contact,edf,1.0,1.25,1.5,0.5,10.0,1.25,waveform-001,True,True,430.38818891095957,
canonical-contact-plan-routing-v1.1,next-contact,edf,1.0,1.25,1.5,0.5,10.0,1.25,image-001,False,False,,INSUFFICIENT_CAPACITY
canonical-contact-plan-routing-v1.1,earliest-arrival,edf,1.0,1.25,1.5,0.5,10.0,1.25,archive-001,True,True,456.87635837317043,
canonical-contact-plan-routing-v1.1,earliest-arrival,edf,1.0,1.25,1.5,0.5,10.0,1.25,telemetry-001,True,True,406.13465657389963,
canonical-contact-plan-routing-v1.1,earliest-arrival,edf,1.0,1.25,1.5,0.5,10.0,1.25,waveform-001,True,True,438.96173151910443,
canonical-contact-plan-routing-v1.1,earliest-arrival,edf,1.0,1.25,1.5,0.5,10.0,1.25,image-001,False,False,,INSUFFICIENT_CAPACITY
canonical-contact-plan-routing-v1.1,deadline-aware,edf,1.0,1.25,1.5,0.5,10.0,1.25,archive-001,True,True,456.87635837317043,
canonical-contact-plan-routing-v1.1,deadline-aware,edf,1.0,1.25,1.5,0.5,10.0,1.25,telemetry-001,True,True,406.13465657389963,
canonical-contact-plan-routing-v1.1,deadline-aware,edf,1.0,1.25,1.5,0.5,10.0,1.25,waveform-001,True,True,438.96173151910443,
canonical-contact-plan-routing-v1.1,deadline-aware,edf,1.0,1.25,1.5,0.5,10.0,1.25,image-001,False,False,,INSUFFICIENT_CAPACITY
canonical-contact-plan-routing-v1.1,next-contact,edf,1.0,0.75,0.75,1.5,10.0,1.25,archive-001,True,True,753.0049145027758,
canonical-contact-plan-routing-v1.1,next-contact,edf,1.0,0.75,0.75,1.5,10.0,1.25,telemetry-001,True,True,446.17102193705114,
canonical-contact-plan-routing-v1.1,next-contact,edf,1.0,0.75,0.75,1.5,10.0,1.25,waveform-001,True,True,443.71629941177946,
canonical-contact-plan-routing-v1.1,next-contact,edf,1.0,0.75,0.75,1.5,10.0,1.25,image-001,True,False,6229.91511211236,
canonical-contact-plan-routing-v1.1,earliest-arrival,edf,1.0,0.75,0.75,1.5,10.0,1.25,archive-001,True,True,452.35740943504777,
canonical-contact-plan-routing-v1.1,earliest-arrival,edf,1.0,0.75,0.75,1.5,10.0,1.25,telemetry-001,True,True,409.51551321498744,
canonical-contact-plan-routing-v1.1,earliest-arrival,edf,1.0,0.75,0.75,1.5,10.0,1.25,waveform-001,True,True,402.51131779555624,
canonical-contact-plan-routing-v1.1,earliest-arrival,edf,1.0,0.75,0.75,1.5,10.0,1.25,image-001,True,False,6229.91511211236,
canonical-contact-plan-routing-v1.1,deadline-aware,edf,1.0,0.75,0.75,1.5,10.0,1.25,archive-001,True,True,452.35740943504777,
canonical-contact-plan-routing-v1.1,deadline-aware,edf,1.0,0.75,0.75,1.5,10.0,1.25,telemetry-001,True,True,409.51551321498744,
canonical-contact-plan-routing-v1.1,deadline-aware,edf,1.0,0.75,0.75,1.5,10.0,1.25,waveform-001,True,True,402.51131779555624,
canonical-contact-plan-routing-v1.1,deadline-aware,edf,1.0,0.75,0.75,1.5,10.0,1.25,image-001,False,False,,DEADLINE_INFEASIBLE
canonical-contact-plan-routing-v1.1,next-contact,edf,1.0,0.75,1.0,1.5,10.0,1.25,archive-001,True,True,753.0049145027758,
canonical-contact-plan-routing-v1.1,next-contact,edf,1.0,0.75,1.0,1.5,10.0,1.25,telemetry-001,True,True,446.17102193705114,
canonical-contact-plan-routing-v1.1,next-contact,edf,1.0,0.75,1.0,1.5,10.0,1.25,waveform-001,True,True,443.71629941177946,
canonical-contact-plan-routing-v1.1,next-contact,edf,1.0,0.75,1.0,1.5,10.0,1.25,image-001,True,True,6229.91511211236,
canonical-contact-plan-routing-v1.1,earliest-arrival,edf,1.0,0.75,1.0,1.5,10.0,1.25,archive-001,True,True,452.35740943504777,
canonical-contact-plan-routing-v1.1,earliest-arrival,edf,1.0,0.75,1.0,1.5,10.0,1.25,telemetry-001,True,True,409.51551321498744,
canonical-contact-plan-routing-v1.1,earliest-arrival,edf,1.0,0.75,1.0,1.5,10.0,1.25,waveform-001,True,True,402.51131779555624,
canonical-contact-plan-routing-v1.1,earliest-arrival,edf,1.0,0.75,1.0,1.5,10.0,1.25,image-001,True,True,6229.91511211236,
canonical-contact-plan-routing-v1.1,deadline-aware,edf,1.0,0.75,1.0,1.5,10.0,1.25,archive-001,True,True,452.35740943504777,
canonical-contact-plan-routing-v1.1,deadline-aware,edf,1.0,0.75,1.0,1.5,10.0,1.25,telemetry-001,True,True,409.51551321498744,
canonical-contact-plan-routing-v1.1,deadline-aware,edf,1.0,0.75,1.0,1.5,10.0,1.25,waveform-001,True,True,402.51131779555624,
canonical-contact-plan-routing-v1.1,deadline-aware,edf,1.0,0.75,1.0,1.5,10.0,1.25,image-001,True,True,6229.91511211236,
canonical-contact-plan-routing-v1.1,next-contact,edf,1.0,0.75,1.5,1.5,10.0,1.25,archive-001,True,True,753.0049145027758,
canonical-contact-plan-routing-v1.1,next-contact,edf,1.0,0.75,1.5,1.5,10.0,1.25,telemetry-001,True,True,446.17102193705114,
canonical-contact-plan-routing-v1.1,next-contact,edf,1.0,0.75,1.5,1.5,10.0,1.25,waveform-001,True,True,443.71629941177946,
canonical-contact-plan-routing-v1.1,next-contact,edf,1.0,0.75,1.5,1.5,10.0,1.25,image-001,True,True,6229.91511211236,
canonical-contact-plan-routing-v1.1,earliest-arrival,edf,1.0,0.75,1.5,1.5,10.0,1.25,archive-001,True,True,452.35740943504777,
canonical-contact-plan-routing-v1.1,earliest-arrival,edf,1.0,0.75,1.5,1.5,10.0,1.25,telemetry-001,True,True,409.51551321498744,
canonical-contact-plan-routing-v1.1,earliest-arrival,edf,1.0,0.75,1.5,1.5,10.0,1.25,waveform-001,True,True,402.51131779555624,
canonical-contact-plan-routing-v1.1,earliest-arrival,edf,1.0,0.75,1.5,1.5,10.0,1.25,image-001,True,True,6229.91511211236,
canonical-contact-plan-routing-v1.1,deadline-aware,edf,1.0,0.75,1.5,1.5,10.0,1.25,archive-001,True,True,452.35740943504777,
canonical-contact-plan-routing-v1.1,deadline-aware,edf,1.0,0.75,1.5,1.5,10.0,1.25,telemetry-001,True,True,409.51551321498744,
canonical-contact-plan-routing-v1.1,deadline-aware,edf,1.0,0.75,1.5,1.5,10.0,1.25,waveform-001,True,True,402.51131779555624,
canonical-contact-plan-routing-v1.1,deadline-aware,edf,1.0,0.75,1.5,1.5,10.0,1.25,image-001,True,True,6229.91511211236,
canonical-contact-plan-routing-v1.1,next-contact,edf,1.0,1.0,0.75,1.5,10.0,1.25,archive-001,True,True,479.6992740136078,
canonical-contact-plan-routing-v1.1,next-contact,edf,1.0,1.0,0.75,1.5,10.0,1.25,telemetry-001,True,True,437.53118992728326,
canonical-contact-plan-routing-v1.1,next-contact,edf,1.0,1.0,0.75,1.5,10.0,1.25,waveform-001,True,True,440.9257516437191,
canonical-contact-plan-routing-v1.1,next-contact,edf,1.0,1.0,0.75,1.5,10.0,1.25,image-001,False,False,,INSUFFICIENT_CAPACITY
canonical-contact-plan-routing-v1.1,earliest-arrival,edf,1.0,1.0,0.75,1.5,10.0,1.25,archive-001,True,True,479.6992740136078,
canonical-contact-plan-routing-v1.1,earliest-arrival,edf,1.0,1.0,0.75,1.5,10.0,1.25,telemetry-001,True,True,386.5497823356858,
canonical-contact-plan-routing-v1.1,earliest-arrival,edf,1.0,1.0,0.75,1.5,10.0,1.25,waveform-001,True,True,399.1415316123562,
canonical-contact-plan-routing-v1.1,earliest-arrival,edf,1.0,1.0,0.75,1.5,10.0,1.25,image-001,False,False,,INSUFFICIENT_CAPACITY
canonical-contact-plan-routing-v1.1,deadline-aware,edf,1.0,1.0,0.75,1.5,10.0,1.25,archive-001,True,True,479.6992740136078,
canonical-contact-plan-routing-v1.1,deadline-aware,edf,1.0,1.0,0.75,1.5,10.0,1.25,telemetry-001,True,True,386.5497823356858,
canonical-contact-plan-routing-v1.1,deadline-aware,edf,1.0,1.0,0.75,1.5,10.0,1.25,waveform-001,True,True,399.1415316123562,
canonical-contact-plan-routing-v1.1,deadline-aware,edf,1.0,1.0,0.75,1.5,10.0,1.25,image-001,False,False,,INSUFFICIENT_CAPACITY
canonical-contact-plan-routing-v1.1,next-contact,edf,1.0,1.0,1.0,1.5,10.0,1.25,archive-001,True,True,479.6992740136078,
canonical-contact-plan-routing-v1.1,next-contact,edf,1.0,1.0,1.0,1.5,10.0,1.25,telemetry-001,True,True,437.53118992728326,
canonical-contact-plan-routing-v1.1,next-contact,edf,1.0,1.0,1.0,1.5,10.0,1.25,waveform-001,True,True,440.9257516437191,
canonical-contact-plan-routing-v1.1,next-contact,edf,1.0,1.0,1.0,1.5,10.0,1.25,image-001,False,False,,INSUFFICIENT_CAPACITY
canonical-contact-plan-routing-v1.1,earliest-arrival,edf,1.0,1.0,1.0,1.5,10.0,1.25,archive-001,True,True,479.6992740136078,
canonical-contact-plan-routing-v1.1,earliest-arrival,edf,1.0,1.0,1.0,1.5,10.0,1.25,telemetry-001,True,True,386.5497823356858,
canonical-contact-plan-routing-v1.1,earliest-arrival,edf,1.0,1.0,1.0,1.5,10.0,1.25,waveform-001,True,True,399.1415316123562,
canonical-contact-plan-routing-v1.1,earliest-arrival,edf,1.0,1.0,1.0,1.5,10.0,1.25,image-001,False,False,,INSUFFICIENT_CAPACITY
canonical-contact-plan-routing-v1.1,deadline-aware,edf,1.0,1.0,1.0,1.5,10.0,1.25,archive-001,True,True,479.6992740136078,
canonical-contact-plan-routing-v1.1,deadline-aware,edf,1.0,1.0,1.0,1.5,10.0,1.25,telemetry-001,True,True,386.5497823356858,
canonical-contact-plan-routing-v1.1,deadline-aware,edf,1.0,1.0,1.0,1.5,10.0,1.25,waveform-001,True,True,399.1415316123562,
canonical-contact-plan-routing-v1.1,deadline-aware,edf,1.0,1.0,1.0,1.5,10.0,1.25,image-001,False,False,,INSUFFICIENT_CAPACITY
canonical-contact-plan-routing-v1.1,next-contact,edf,1.0,1.0,1.5,1.5,10.0,1.25,archive-001,True,True,479.6992740136078,
canonical-contact-plan-routing-v1.1,next-contact,edf,1.0,1.0,1.5,1.5,10.0,1.25,telemetry-001,True,True,437.53118992728326,
canonical-contact-plan-routing-v1.1,next-contact,edf,1.0,1.0,1.5,1.5,10.0,1.25,waveform-001,True,True,440.9257516437191,
canonical-contact-plan-routing-v1.1,next-contact,edf,1.0,1.0,1.5,1.5,10.0,1.25,image-001,False,False,,INSUFFICIENT_CAPACITY
canonical-contact-plan-routing-v1.1,earliest-arrival,edf,1.0,1.0,1.5,1.5,10.0,1.25,archive-001,True,True,479.6992740136078,
canonical-contact-plan-routing-v1.1,earliest-arrival,edf,1.0,1.0,1.5,1.5,10.0,1.25,telemetry-001,True,True,386.5497823356858,
canonical-contact-plan-routing-v1.1,earliest-arrival,edf,1.0,1.0,1.5,1.5,10.0,1.25,waveform-001,True,True,399.1415316123562,
canonical-contact-plan-routing-v1.1,earliest-arrival,edf,1.0,1.0,1.5,1.5,10.0,1.25,image-001,False,False,,INSUFFICIENT_CAPACITY
canonical-contact-plan-routing-v1.1,deadline-aware,edf,1.0,1.0,1.5,1.5,10.0,1.25,archive-001,True,True,479.6992740136078,
canonical-contact-plan-routing-v1.1,deadline-aware,edf,1.0,1.0,1.5,1.5,10.0,1.25,telemetry-001,True,True,386.5497823356858,
canonical-contact-plan-routing-v1.1,deadline-aware,edf,1.0,1.0,1.5,1.5,10.0,1.25,waveform-001,True,True,399.1415316123562,
canonical-contact-plan-routing-v1.1,deadline-aware,edf,1.0,1.0,1.5,1.5,10.0,1.25,image-001,False,False,,INSUFFICIENT_CAPACITY
canonical-contact-plan-routing-v1.1,next-contact,edf,1.0,1.25,0.75,1.5,10.0,1.25,archive-001,True,True,501.87635837317043,
canonical-contact-plan-routing-v1.1,next-contact,edf,1.0,1.25,0.75,1.5,10.0,1.25,telemetry-001,True,True,463.84905993753,
canonical-contact-plan-routing-v1.1,next-contact,edf,1.0,1.25,0.75,1.5,10.0,1.25,waveform-001,True,True,435.38818891095957,
canonical-contact-plan-routing-v1.1,next-contact,edf,1.0,1.25,0.75,1.5,10.0,1.25,image-001,False,False,,INSUFFICIENT_CAPACITY
canonical-contact-plan-routing-v1.1,earliest-arrival,edf,1.0,1.25,0.75,1.5,10.0,1.25,archive-001,True,True,501.87635837317043,
canonical-contact-plan-routing-v1.1,earliest-arrival,edf,1.0,1.25,0.75,1.5,10.0,1.25,telemetry-001,True,True,411.13465657389963,
canonical-contact-plan-routing-v1.1,earliest-arrival,edf,1.0,1.25,0.75,1.5,10.0,1.25,waveform-001,True,True,443.96173151910443,
canonical-contact-plan-routing-v1.1,earliest-arrival,edf,1.0,1.25,0.75,1.5,10.0,1.25,image-001,False,False,,INSUFFICIENT_CAPACITY
canonical-contact-plan-routing-v1.1,deadline-aware,edf,1.0,1.25,0.75,1.5,10.0,1.25,archive-001,True,True,501.87635837317043,
canonical-contact-plan-routing-v1.1,deadline-aware,edf,1.0,1.25,0.75,1.5,10.0,1.25,telemetry-001,True,True,411.13465657389963,
canonical-contact-plan-routing-v1.1,deadline-aware,edf,1.0,1.25,0.75,1.5,10.0,1.25,waveform-001,True,True,443.96173151910443,
canonical-contact-plan-routing-v1.1,deadline-aware,edf,1.0,1.25,0.75,1.5,10.0,1.25,image-001,False,False,,INSUFFICIENT_CAPACITY
canonical-contact-plan-routing-v1.1,next-contact,edf,1.0,1.25,1.0,1.5,10.0,1.25,archive-001,True,True,501.87635837317043,
canonical-contact-plan-routing-v1.1,next-contact,edf,1.0,1.25,1.0,1.5,10.0,1.25,telemetry-001,True,True,463.84905993753,
canonical-contact-plan-routing-v1.1,next-contact,edf,1.0,1.25,1.0,1.5,10.0,1.25,waveform-001,True,True,435.38818891095957,
canonical-contact-plan-routing-v1.1,next-contact,edf,1.0,1.25,1.0,1.5,10.0,1.25,image-001,False,False,,INSUFFICIENT_CAPACITY
canonical-contact-plan-routing-v1.1,earliest-arrival,edf,1.0,1.25,1.0,1.5,10.0,1.25,archive-001,True,True,501.87635837317043,
canonical-contact-plan-routing-v1.1,earliest-arrival,edf,1.0,1.25,1.0,1.5,10.0,1.25,telemetry-001,True,True,411.13465657389963,
canonical-contact-plan-routing-v1.1,earliest-arrival,edf,1.0,1.25,1.0,1.5,10.0,1.25,waveform-001,True,True,443.96173151910443,
canonical-contact-plan-routing-v1.1,earliest-arrival,edf,1.0,1.25,1.0,1.5,10.0,1.25,image-001,False,False,,INSUFFICIENT_CAPACITY
canonical-contact-plan-routing-v1.1,deadline-aware,edf,1.0,1.25,1.0,1.5,10.0,1.25,archive-001,True,True,501.87635837317043,
canonical-contact-plan-routing-v1.1,deadline-aware,edf,1.0,1.25,1.0,1.5,10.0,1.25,telemetry-001,True,True,411.13465657389963,
canonical-contact-plan-routing-v1.1,deadline-aware,edf,1.0,1.25,1.0,1.5,10.0,1.25,waveform-001,True,True,443.96173151910443,
canonical-contact-plan-routing-v1.1,deadline-aware,edf,1.0,1.25,1.0,1.5,10.0,1.25,image-001,False,False,,INSUFFICIENT_CAPACITY
canonical-contact-plan-routing-v1.1,next-contact,edf,1.0,1.25,1.5,1.5,10.0,1.25,archive-001,True,True,501.87635837317043,
canonical-contact-plan-routing-v1.1,next-contact,edf,1.0,1.25,1.5,1.5,10.0,1.25,telemetry-001,True,True,463.84905993753,
canonical-contact-plan-routing-v1.1,next-contact,edf,1.0,1.25,1.5,1.5,10.0,1.25,waveform-001,True,True,435.38818891095957,
canonical-contact-plan-routing-v1.1,next-contact,edf,1.0,1.25,1.5,1.5,10.0,1.25,image-001,False,False,,INSUFFICIENT_CAPACITY
canonical-contact-plan-routing-v1.1,earliest-arrival,edf,1.0,1.25,1.5,1.5,10.0,1.25,archive-001,True,True,501.87635837317043,
canonical-contact-plan-routing-v1.1,earliest-arrival,edf,1.0,1.25,1.5,1.5,10.0,1.25,telemetry-001,True,True,411.13465657389963,
canonical-contact-plan-routing-v1.1,earliest-arrival,edf,1.0,1.25,1.5,1.5,10.0,1.25,waveform-001,True,True,443.96173151910443,
canonical-contact-plan-routing-v1.1,earliest-arrival,edf,1.0,1.25,1.5,1.5,10.0,1.25,image-001,False,False,,INSUFFICIENT_CAPACITY
canonical-contact-plan-routing-v1.1,deadline-aware,edf,1.0,1.25,1.5,1.5,10.0,1.25,archive-001,True,True,501.87635837317043,
canonical-contact-plan-routing-v1.1,deadline-aware,edf,1.0,1.25,1.5,1.5,10.0,1.25,telemetry-001,True,True,411.13465657389963,
canonical-contact-plan-routing-v1.1,deadline-aware,edf,1.0,1.25,1.5,1.5,10.0,1.25,waveform-001,True,True,443.96173151910443,
canonical-contact-plan-routing-v1.1,deadline-aware,edf,1.0,1.25,1.5,1.5,10.0,1.25,image-001,False,False,,INSUFFICIENT_CAPACITY
canonical-contact-plan-routing-v1.1,next-contact,edf,1.0,0.75,0.75,0.5,20.0,0.75,archive-001,True,True,477.59790638436687,
canonical-contact-plan-routing-v1.1,next-contact,edf,1.0,0.75,0.75,0.5,20.0,0.75,telemetry-001,True,True,441.58932925960073,
canonical-contact-plan-routing-v1.1,next-contact,edf,1.0,0.75,0.75,0.5,20.0,0.75,waveform-001,True,True,459.8284449040119,
canonical-contact-plan-routing-v1.1,next-contact,edf,1.0,0.75,0.75,0.5,20.0,0.75,image-001,False,False,,INSUFFICIENT_CAPACITY
canonical-contact-plan-routing-v1.1,earliest-arrival,edf,1.0,0.75,0.75,0.5,20.0,0.75,archive-001,True,True,477.59790638436687,
canonical-contact-plan-routing-v1.1,earliest-arrival,edf,1.0,0.75,0.75,0.5,20.0,0.75,telemetry-001,True,True,424.6519177223621,
canonical-contact-plan-routing-v1.1,earliest-arrival,edf,1.0,0.75,0.75,0.5,20.0,0.75,waveform-001,True,True,464.4637283101582,
canonical-contact-plan-routing-v1.1,earliest-arrival,edf,1.0,0.75,0.75,0.5,20.0,0.75,image-001,False,False,,INSUFFICIENT_CAPACITY
canonical-contact-plan-routing-v1.1,deadline-aware,edf,1.0,0.75,0.75,0.5,20.0,0.75,archive-001,True,True,477.59790638436687,
canonical-contact-plan-routing-v1.1,deadline-aware,edf,1.0,0.75,0.75,0.5,20.0,0.75,telemetry-001,True,True,424.6519177223621,
canonical-contact-plan-routing-v1.1,deadline-aware,edf,1.0,0.75,0.75,0.5,20.0,0.75,waveform-001,True,True,464.4637283101582,
canonical-contact-plan-routing-v1.1,deadline-aware,edf,1.0,0.75,0.75,0.5,20.0,0.75,image-001,False,False,,INSUFFICIENT_CAPACITY
canonical-contact-plan-routing-v1.1,next-contact,edf,1.0,0.75,1.0,0.5,20.0,0.75,archive-001,True,True,477.59790638436687,
canonical-contact-plan-routing-v1.1,next-contact,edf,1.0,0.75,1.0,0.5,20.0,0.75,telemetry-001,True,True,441.58932925960073,
canonical-contact-plan-routing-v1.1,next-contact,edf,1.0,0.75,1.0,0.5,20.0,0.75,waveform-001,True,True,459.8284449040119,
canonical-contact-plan-routing-v1.1,next-contact,edf,1.0,0.75,1.0,0.5,20.0,0.75,image-001,False,False,,INSUFFICIENT_CAPACITY
canonical-contact-plan-routing-v1.1,earliest-arrival,edf,1.0,0.75,1.0,0.5,20.0,0.75,archive-001,True,True,477.59790638436687,
canonical-contact-plan-routing-v1.1,earliest-arrival,edf,1.0,0.75,1.0,0.5,20.0,0.75,telemetry-001,True,True,424.6519177223621,
canonical-contact-plan-routing-v1.1,earliest-arrival,edf,1.0,0.75,1.0,0.5,20.0,0.75,waveform-001,True,True,464.4637283101582,
canonical-contact-plan-routing-v1.1,earliest-arrival,edf,1.0,0.75,1.0,0.5,20.0,0.75,image-001,False,False,,INSUFFICIENT_CAPACITY
canonical-contact-plan-routing-v1.1,deadline-aware,edf,1.0,0.75,1.0,0.5,20.0,0.75,archive-001,True,True,477.59790638436687,
canonical-contact-plan-routing-v1.1,deadline-aware,edf,1.0,0.75,1.0,0.5,20.0,0.75,telemetry-001,True,True,424.6519177223621,
canonical-contact-plan-routing-v1.1,deadline-aware,edf,1.0,0.75,1.0,0.5,20.0,0.75,waveform-001,True,True,464.4637283101582,
canonical-contact-plan-routing-v1.1,deadline-aware,edf,1.0,0.75,1.0,0.5,20.0,0.75,image-001,False,False,,INSUFFICIENT_CAPACITY
canonical-contact-plan-routing-v1.1,next-contact,edf,1.0,0.75,1.5,0.5,20.0,0.75,archive-001,True,True,477.59790638436687,
canonical-contact-plan-routing-v1.1,next-contact,edf,1.0,0.75,1.5,0.5,20.0,0.75,telemetry-001,True,True,441.58932925960073,
canonical-contact-plan-routing-v1.1,next-contact,edf,1.0,0.75,1.5,0.5,20.0,0.75,waveform-001,True,True,459.8284449040119,
canonical-contact-plan-routing-v1.1,next-contact,edf,1.0,0.75,1.5,0.5,20.0,0.75,image-001,False,False,,INSUFFICIENT_CAPACITY
canonical-contact-plan-routing-v1.1,earliest-arrival,edf,1.0,0.75,1.5,0.5,20.0,0.75,archive-001,True,True,477.59790638436687,
canonical-contact-plan-routing-v1.1,earliest-arrival,edf,1.0,0.75,1.5,0.5,20.0,0.75,telemetry-001,True,True,424.6519177223621,
canonical-contact-plan-routing-v1.1,earliest-arrival,edf,1.0,0.75,1.5,0.5,20.0,0.75,waveform-001,True,True,464.4637283101582,
canonical-contact-plan-routing-v1.1,earliest-arrival,edf,1.0,0.75,1.5,0.5,20.0,0.75,image-001,False,False,,INSUFFICIENT_CAPACITY
canonical-contact-plan-routing-v1.1,deadline-aware,edf,1.0,0.75,1.5,0.5,20.0,0.75,archive-001,True,True,477.59790638436687,
canonical-contact-plan-routing-v1.1,deadline-aware,edf,1.0,0.75,1.5,0.5,20.0,0.75,telemetry-001,True,True,424.6519177223621,
canonical-contact-plan-routing-v1.1,deadline-aware,edf,1.0,0.75,1.5,0.5,20.0,0.75,waveform-001,True,True,464.4637283101582,
canonical-contact-plan-routing-v1.1,deadline-aware,edf,1.0,0.75,1.5,0.5,20.0,0.75,image-001,False,False,,INSUFFICIENT_CAPACITY
canonical-contact-plan-routing-v1.1,next-contact,edf,1.0,1.0,0.75,0.5,20.0,0.75,archive-001,True,True,520.2231623639059,
canonical-contact-plan-routing-v1.1,next-contact,edf,1.0,1.0,0.75,0.5,20.0,0.75,telemetry-001,True,True,476.7072329206992,
canonical-contact-plan-routing-v1.1,next-contact,edf,1.0,1.0,0.75,0.5,20.0,0.75,waveform-001,True,False,6181.338852343334,
canonical-contact-plan-routing-v1.1,next-contact,edf,1.0,1.0,0.75,0.5,20.0,0.75,image-001,False,False,,INSUFFICIENT_CAPACITY
canonical-contact-plan-routing-v1.1,earliest-arrival,edf,1.0,1.0,0.75,0.5,20.0,0.75,archive-001,True,True,520.2231623639059,
canonical-contact-plan-routing-v1.1,earliest-arrival,edf,1.0,1.0,0.75,0.5,20.0,0.75,telemetry-001,True,True,476.7072329206992,
canonical-contact-plan-routing-v1.1,earliest-arrival,edf,1.0,1.0,0.75,0.5,20.0,0.75,waveform-001,True,False,6181.338852343334,
canonical-contact-plan-routing-v1.1,earliest-arrival,edf,1.0,1.0,0.75,0.5,20.0,0.75,image-001,False,False,,INSUFFICIENT_CAPACITY
canonical-contact-plan-routing-v1.1,deadline-aware,edf,1.0,1.0,0.75,0.5,20.0,0.75,archive-001,True,True,520.2231623639059,
canonical-contact-plan-routing-v1.1,deadline-aware,edf,1.0,1.0,0.75,0.5,20.0,0.75,telemetry-001,True,True,476.7072329206992,
canonical-contact-plan-routing-v1.1,deadline-aware,edf,1.0,1.0,0.75,0.5,20.0,0.75,waveform-001,False,False,,DEADLINE_INFEASIBLE
canonical-contact-plan-routing-v1.1,deadline-aware,edf,1.0,1.0,0.75,0.5,20.0,0.75,image-001,False,False,,INSUFFICIENT_CAPACITY
canonical-contact-plan-routing-v1.1,next-contact,edf,1.0,1.0,1.0,0.5,20.0,0.75,archive-001,True,True,520.2231623639059,
canonical-contact-plan-routing-v1.1,next-contact,edf,1.0,1.0,1.0,0.5,20.0,0.75,telemetry-001,True,True,476.7072329206992,
canonical-contact-plan-routing-v1.1,next-contact,edf,1.0,1.0,1.0,0.5,20.0,0.75,waveform-001,True,False,6181.338852343334,
canonical-contact-plan-routing-v1.1,next-contact,edf,1.0,1.0,1.0,0.5,20.0,0.75,image-001,False,False,,INSUFFICIENT_CAPACITY
canonical-contact-plan-routing-v1.1,earliest-arrival,edf,1.0,1.0,1.0,0.5,20.0,0.75,archive-001,True,True,520.2231623639059,
canonical-contact-plan-routing-v1.1,earliest-arrival,edf,1.0,1.0,1.0,0.5,20.0,0.75,telemetry-001,True,True,476.7072329206992,
canonical-contact-plan-routing-v1.1,earliest-arrival,edf,1.0,1.0,1.0,0.5,20.0,0.75,waveform-001,True,False,6181.338852343334,
canonical-contact-plan-routing-v1.1,earliest-arrival,edf,1.0,1.0,1.0,0.5,20.0,0.75,image-001,False,False,,INSUFFICIENT_CAPACITY
canonical-contact-plan-routing-v1.1,deadline-aware,edf,1.0,1.0,1.0,0.5,20.0,0.75,archive-001,True,True,520.2231623639059,
canonical-contact-plan-routing-v1.1,deadline-aware,edf,1.0,1.0,1.0,0.5,20.0,0.75,telemetry-001,True,True,476.7072329206992,
canonical-contact-plan-routing-v1.1,deadline-aware,edf,1.0,1.0,1.0,0.5,20.0,0.75,waveform-001,False,False,,DEADLINE_INFEASIBLE
canonical-contact-plan-routing-v1.1,deadline-aware,edf,1.0,1.0,1.0,0.5,20.0,0.75,image-001,False,False,,INSUFFICIENT_CAPACITY
canonical-contact-plan-routing-v1.1,next-contact,edf,1.0,1.0,1.5,0.5,20.0,0.75,archive-001,True,True,520.2231623639059,
canonical-contact-plan-routing-v1.1,next-contact,edf,1.0,1.0,1.5,0.5,20.0,0.75,telemetry-001,True,True,476.7072329206992,
canonical-contact-plan-routing-v1.1,next-contact,edf,1.0,1.0,1.5,0.5,20.0,0.75,waveform-001,True,False,6181.338852343334,
canonical-contact-plan-routing-v1.1,next-contact,edf,1.0,1.0,1.5,0.5,20.0,0.75,image-001,False,False,,INSUFFICIENT_CAPACITY
canonical-contact-plan-routing-v1.1,earliest-arrival,edf,1.0,1.0,1.5,0.5,20.0,0.75,archive-001,True,True,520.2231623639059,
canonical-contact-plan-routing-v1.1,earliest-arrival,edf,1.0,1.0,1.5,0.5,20.0,0.75,telemetry-001,True,True,476.7072329206992,
canonical-contact-plan-routing-v1.1,earliest-arrival,edf,1.0,1.0,1.5,0.5,20.0,0.75,waveform-001,True,False,6181.338852343334,
canonical-contact-plan-routing-v1.1,earliest-arrival,edf,1.0,1.0,1.5,0.5,20.0,0.75,image-001,False,False,,INSUFFICIENT_CAPACITY
canonical-contact-plan-routing-v1.1,deadline-aware,edf,1.0,1.0,1.5,0.5,20.0,0.75,archive-001,True,True,520.2231623639059,
canonical-contact-plan-routing-v1.1,deadline-aware,edf,1.0,1.0,1.5,0.5,20.0,0.75,telemetry-001,True,True,476.7072329206992,
canonical-contact-plan-routing-v1.1,deadline-aware,edf,1.0,1.0,1.5,0.5,20.0,0.75,waveform-001,False,False,,DEADLINE_INFEASIBLE
canonical-contact-plan-routing-v1.1,deadline-aware,edf,1.0,1.0,1.5,0.5,20.0,0.75,image-001,False,False,,INSUFFICIENT_CAPACITY
canonical-contact-plan-routing-v1.1,next-contact,edf,1.0,1.25,0.75,0.5,20.0,0.75,archive-001,False,False,,INSUFFICIENT_CAPACITY
canonical-contact-plan-routing-v1.1,next-contact,edf,1.0,1.25,0.75,0.5,20.0,0.75,telemetry-001,True,True,338.7473002994997,
canonical-contact-plan-routing-v1.1,next-contact,edf,1.0,1.25,0.75,0.5,20.0,0.75,waveform-001,True,True,418.49159466374385,
canonical-contact-plan-routing-v1.1,next-contact,edf,1.0,1.25,0.75,0.5,20.0,0.75,image-001,False,False,,INSUFFICIENT_CAPACITY
canonical-contact-plan-routing-v1.1,earliest-arrival,edf,1.0,1.25,0.75,0.5,20.0,0.75,archive-001,False,False,,INSUFFICIENT_CAPACITY
canonical-contact-plan-routing-v1.1,earliest-arrival,edf,1.0,1.25,0.75,0.5,20.0,0.75,telemetry-001,True,True,338.7473002994997,
canonical-contact-plan-routing-v1.1,earliest-arrival,edf,1.0,1.25,0.75,0.5,20.0,0.75,waveform-001,True,True,418.49159466374385,
canonical-contact-plan-routing-v1.1,earliest-arrival,edf,1.0,1.25,0.75,0.5,20.0,0.75,image-001,False,False,,INSUFFICIENT_CAPACITY
canonical-contact-plan-routing-v1.1,deadline-aware,edf,1.0,1.25,0.75,0.5,20.0,0.75,archive-001,False,False,,INSUFFICIENT_CAPACITY
canonical-contact-plan-routing-v1.1,deadline-aware,edf,1.0,1.25,0.75,0.5,20.0,0.75,telemetry-001,True,True,338.7473002994997,
canonical-contact-plan-routing-v1.1,deadline-aware,edf,1.0,1.25,0.75,0.5,20.0,0.75,waveform-001,True,True,418.49159466374385,
canonical-contact-plan-routing-v1.1,deadline-aware,edf,1.0,1.25,0.75,0.5,20.0,0.75,image-001,False,False,,INSUFFICIENT_CAPACITY
canonical-contact-plan-routing-v1.1,next-contact,edf,1.0,1.25,1.0,0.5,20.0,0.75,archive-001,False,False,,INSUFFICIENT_CAPACITY
canonical-contact-plan-routing-v1.1,next-contact,edf,1.0,1.25,1.0,0.5,20.0,0.75,telemetry-001,True,True,338.7473002994997,
canonical-contact-plan-routing-v1.1,next-contact,edf,1.0,1.25,1.0,0.5,20.0,0.75,waveform-001,True,True,418.49159466374385,
canonical-contact-plan-routing-v1.1,next-contact,edf,1.0,1.25,1.0,0.5,20.0,0.75,image-001,False,False,,INSUFFICIENT_CAPACITY
canonical-contact-plan-routing-v1.1,earliest-arrival,edf,1.0,1.25,1.0,0.5,20.0,0.75,archive-001,False,False,,INSUFFICIENT_CAPACITY
canonical-contact-plan-routing-v1.1,earliest-arrival,edf,1.0,1.25,1.0,0.5,20.0,0.75,telemetry-001,True,True,338.7473002994997,
canonical-contact-plan-routing-v1.1,earliest-arrival,edf,1.0,1.25,1.0,0.5,20.0,0.75,waveform-001,True,True,418.49159466374385,
canonical-contact-plan-routing-v1.1,earliest-arrival,edf,1.0,1.25,1.0,0.5,20.0,0.75,image-001,False,False,,INSUFFICIENT_CAPACITY
canonical-contact-plan-routing-v1.1,deadline-aware,edf,1.0,1.25,1.0,0.5,20.0,0.75,archive-001,False,False,,INSUFFICIENT_CAPACITY
canonical-contact-plan-routing-v1.1,deadline-aware,edf,1.0,1.25,1.0,0.5,20.0,0.75,telemetry-001,True,True,338.7473002994997,
canonical-contact-plan-routing-v1.1,deadline-aware,edf,1.0,1.25,1.0,0.5,20.0,0.75,waveform-001,True,True,418.49159466374385,
canonical-contact-plan-routing-v1.1,deadline-aware,edf,1.0,1.25,1.0,0.5,20.0,0.75,image-001,False,False,,INSUFFICIENT_CAPACITY
canonical-contact-plan-routing-v1.1,next-contact,edf,1.0,1.25,1.5,0.5,20.0,0.75,archive-001,False,False,,INSUFFICIENT_CAPACITY
canonical-contact-plan-routing-v1.1,next-contact,edf,1.0,1.25,1.5,0.5,20.0,0.75,telemetry-001,True,True,338.7473002994997,
canonical-contact-plan-routing-v1.1,next-contact,edf,1.0,1.25,1.5,0.5,20.0,0.75,waveform-001,True,True,418.49159466374385,
canonical-contact-plan-routing-v1.1,next-contact,edf,1.0,1.25,1.5,0.5,20.0,0.75,image-001,False,False,,INSUFFICIENT_CAPACITY
canonical-contact-plan-routing-v1.1,earliest-arrival,edf,1.0,1.25,1.5,0.5,20.0,0.75,archive-001,False,False,,INSUFFICIENT_CAPACITY
canonical-contact-plan-routing-v1.1,earliest-arrival,edf,1.0,1.25,1.5,0.5,20.0,0.75,telemetry-001,True,True,338.7473002994997,
canonical-contact-plan-routing-v1.1,earliest-arrival,edf,1.0,1.25,1.5,0.5,20.0,0.75,waveform-001,True,True,418.49159466374385,
canonical-contact-plan-routing-v1.1,earliest-arrival,edf,1.0,1.25,1.5,0.5,20.0,0.75,image-001,False,False,,INSUFFICIENT_CAPACITY
canonical-contact-plan-routing-v1.1,deadline-aware,edf,1.0,1.25,1.5,0.5,20.0,0.75,archive-001,False,False,,INSUFFICIENT_CAPACITY
canonical-contact-plan-routing-v1.1,deadline-aware,edf,1.0,1.25,1.5,0.5,20.0,0.75,telemetry-001,True,True,338.7473002994997,
canonical-contact-plan-routing-v1.1,deadline-aware,edf,1.0,1.25,1.5,0.5,20.0,0.75,waveform-001,True,True,418.49159466374385,
canonical-contact-plan-routing-v1.1,deadline-aware,edf,1.0,1.25,1.5,0.5,20.0,0.75,image-001,False,False,,INSUFFICIENT_CAPACITY
canonical-contact-plan-routing-v1.1,next-contact,edf,1.0,0.75,0.75,1.5,20.0,0.75,archive-001,True,True,522.5979063843669,
canonical-contact-plan-routing-v1.1,next-contact,edf,1.0,0.75,0.75,1.5,20.0,0.75,telemetry-001,True,True,486.58932925960073,
canonical-contact-plan-routing-v1.1,next-contact,edf,1.0,0.75,0.75,1.5,20.0,0.75,waveform-001,True,True,464.8284449040119,
canonical-contact-plan-routing-v1.1,next-contact,edf,1.0,0.75,0.75,1.5,20.0,0.75,image-001,False,False,,INSUFFICIENT_CAPACITY
canonical-contact-plan-routing-v1.1,earliest-arrival,edf,1.0,0.75,0.75,1.5,20.0,0.75,archive-001,True,True,522.5979063843669,
canonical-contact-plan-routing-v1.1,earliest-arrival,edf,1.0,0.75,0.75,1.5,20.0,0.75,telemetry-001,True,True,429.6519177223621,
canonical-contact-plan-routing-v1.1,earliest-arrival,edf,1.0,0.75,0.75,1.5,20.0,0.75,waveform-001,True,True,469.4637283101582,
canonical-contact-plan-routing-v1.1,earliest-arrival,edf,1.0,0.75,0.75,1.5,20.0,0.75,image-001,False,False,,INSUFFICIENT_CAPACITY
canonical-contact-plan-routing-v1.1,deadline-aware,edf,1.0,0.75,0.75,1.5,20.0,0.75,archive-001,True,True,522.5979063843669,
canonical-contact-plan-routing-v1.1,deadline-aware,edf,1.0,0.75,0.75,1.5,20.0,0.75,telemetry-001,True,True,429.6519177223621,
canonical-contact-plan-routing-v1.1,deadline-aware,edf,1.0,0.75,0.75,1.5,20.0,0.75,waveform-001,True,True,469.4637283101582,
canonical-contact-plan-routing-v1.1,deadline-aware,edf,1.0,0.75,0.75,1.5,20.0,0.75,image-001,False,False,,INSUFFICIENT_CAPACITY
canonical-contact-plan-routing-v1.1,next-contact,edf,1.0,0.75,1.0,1.5,20.0,0.75,archive-001,True,True,522.5979063843669,
canonical-contact-plan-routing-v1.1,next-contact,edf,1.0,0.75,1.0,1.5,20.0,0.75,telemetry-001,True,True,486.58932925960073,
canonical-contact-plan-routing-v1.1,next-contact,edf,1.0,0.75,1.0,1.5,20.0,0.75,waveform-001,True,True,464.8284449040119,
canonical-contact-plan-routing-v1.1,next-contact,edf,1.0,0.75,1.0,1.5,20.0,0.75,image-001,False,False,,INSUFFICIENT_CAPACITY
canonical-contact-plan-routing-v1.1,earliest-arrival,edf,1.0,0.75,1.0,1.5,20.0,0.75,archive-001,True,True,522.5979063843669,
canonical-contact-plan-routing-v1.1,earliest-arrival,edf,1.0,0.75,1.0,1.5,20.0,0.75,telemetry-001,True,True,429.6519177223621,
canonical-contact-plan-routing-v1.1,earliest-arrival,edf,1.0,0.75,1.0,1.5,20.0,0.75,waveform-001,True,True,469.4637283101582,
canonical-contact-plan-routing-v1.1,earliest-arrival,edf,1.0,0.75,1.0,1.5,20.0,0.75,image-001,False,False,,INSUFFICIENT_CAPACITY
canonical-contact-plan-routing-v1.1,deadline-aware,edf,1.0,0.75,1.0,1.5,20.0,0.75,archive-001,True,True,522.5979063843669,
canonical-contact-plan-routing-v1.1,deadline-aware,edf,1.0,0.75,1.0,1.5,20.0,0.75,telemetry-001,True,True,429.6519177223621,
canonical-contact-plan-routing-v1.1,deadline-aware,edf,1.0,0.75,1.0,1.5,20.0,0.75,waveform-001,True,True,469.4637283101582,
canonical-contact-plan-routing-v1.1,deadline-aware,edf,1.0,0.75,1.0,1.5,20.0,0.75,image-001,False,False,,INSUFFICIENT_CAPACITY
canonical-contact-plan-routing-v1.1,next-contact,edf,1.0,0.75,1.5,1.5,20.0,0.75,archive-001,True,True,522.5979063843669,
canonical-contact-plan-routing-v1.1,next-contact,edf,1.0,0.75,1.5,1.5,20.0,0.75,telemetry-001,True,True,486.58932925960073,
canonical-contact-plan-routing-v1.1,next-contact,edf,1.0,0.75,1.5,1.5,20.0,0.75,waveform-001,True,True,464.8284449040119,
canonical-contact-plan-routing-v1.1,next-contact,edf,1.0,0.75,1.5,1.5,20.0,0.75,image-001,False,False,,INSUFFICIENT_CAPACITY
canonical-contact-plan-routing-v1.1,earliest-arrival,edf,1.0,0.75,1.5,1.5,20.0,0.75,archive-001,True,True,522.5979063843669,
canonical-contact-plan-routing-v1.1,earliest-arrival,edf,1.0,0.75,1.5,1.5,20.0,0.75,telemetry-001,True,True,429.6519177223621,
canonical-contact-plan-routing-v1.1,earliest-arrival,edf,1.0,0.75,1.5,1.5,20.0,0.75,waveform-001,True,True,469.4637283101582,
canonical-contact-plan-routing-v1.1,earliest-arrival,edf,1.0,0.75,1.5,1.5,20.0,0.75,image-001,False,False,,INSUFFICIENT_CAPACITY
canonical-contact-plan-routing-v1.1,deadline-aware,edf,1.0,0.75,1.5,1.5,20.0,0.75,archive-001,True,True,522.5979063843669,
canonical-contact-plan-routing-v1.1,deadline-aware,edf,1.0,0.75,1.5,1.5,20.0,0.75,telemetry-001,True,True,429.6519177223621,
canonical-contact-plan-routing-v1.1,deadline-aware,edf,1.0,0.75,1.5,1.5,20.0,0.75,waveform-001,True,True,469.4637283101582,
canonical-contact-plan-routing-v1.1,deadline-aware,edf,1.0,0.75,1.5,1.5,20.0,0.75,image-001,False,False,,INSUFFICIENT_CAPACITY
canonical-contact-plan-routing-v1.1,next-contact,edf,1.0,1.0,0.75,1.5,20.0,0.75,archive-001,True,True,565.2231623639059,
canonical-contact-plan-routing-v1.1,next-contact,edf,1.0,1.0,0.75,1.5,20.0,0.75,telemetry-001,True,True,481.7072329206992,
canonical-contact-plan-routing-v1.1,next-contact,edf,1.0,1.0,0.75,1.5,20.0,0.75,waveform-001,True,False,6361.338852343334,
canonical-contact-plan-routing-v1.1,next-contact,edf,1.0,1.0,0.75,1.5,20.0,0.75,image-001,False,False,,INSUFFICIENT_CAPACITY
canonical-contact-plan-routing-v1.1,earliest-arrival,edf,1.0,1.0,0.75,1.5,20.0,0.75,archive-001,True,True,565.2231623639059,
canonical-contact-plan-routing-v1.1,earliest-arrival,edf,1.0,1.0,0.75,1.5,20.0,0.75,telemetry-001,True,True,481.7072329206992,
canonical-contact-plan-routing-v1.1,earliest-arrival,edf,1.0,1.0,0.75,1.5,20.0,0.75,waveform-001,True,False,6361.338852343334,
canonical-contact-plan-routing-v1.1,earliest-arrival,edf,1.0,1.0,0.75,1.5,20.0,0.75,image-001,False,False,,INSUFFICIENT_CAPACITY
canonical-contact-plan-routing-v1.1,deadline-aware,edf,1.0,1.0,0.75,1.5,20.0,0.75,archive-001,True,True,565.2231623639059,
canonical-contact-plan-routing-v1.1,deadline-aware,edf,1.0,1.0,0.75,1.5,20.0,0.75,telemetry-001,True,True,481.7072329206992,
canonical-contact-plan-routing-v1.1,deadline-aware,edf,1.0,1.0,0.75,1.5,20.0,0.75,waveform-001,False,False,,DEADLINE_INFEASIBLE
canonical-contact-plan-routing-v1.1,deadline-aware,edf,1.0,1.0,0.75,1.5,20.0,0.75,image-001,False,False,,INSUFFICIENT_CAPACITY
canonical-contact-plan-routing-v1.1,next-contact,edf,1.0,1.0,1.0,1.5,20.0,0.75,archive-001,True,True,565.2231623639059,
canonical-contact-plan-routing-v1.1,next-contact,edf,1.0,1.0,1.0,1.5,20.0,0.75,telemetry-001,True,True,481.7072329206992,
canonical-contact-plan-routing-v1.1,next-contact,edf,1.0,1.0,1.0,1.5,20.0,0.75,waveform-001,True,False,6361.338852343334,
canonical-contact-plan-routing-v1.1,next-contact,edf,1.0,1.0,1.0,1.5,20.0,0.75,image-001,False,False,,INSUFFICIENT_CAPACITY
canonical-contact-plan-routing-v1.1,earliest-arrival,edf,1.0,1.0,1.0,1.5,20.0,0.75,archive-001,True,True,565.2231623639059,
canonical-contact-plan-routing-v1.1,earliest-arrival,edf,1.0,1.0,1.0,1.5,20.0,0.75,telemetry-001,True,True,481.7072329206992,
canonical-contact-plan-routing-v1.1,earliest-arrival,edf,1.0,1.0,1.0,1.5,20.0,0.75,waveform-001,True,False,6361.338852343334,
canonical-contact-plan-routing-v1.1,earliest-arrival,edf,1.0,1.0,1.0,1.5,20.0,0.75,image-001,False,False,,INSUFFICIENT_CAPACITY
canonical-contact-plan-routing-v1.1,deadline-aware,edf,1.0,1.0,1.0,1.5,20.0,0.75,archive-001,True,True,565.2231623639059,
canonical-contact-plan-routing-v1.1,deadline-aware,edf,1.0,1.0,1.0,1.5,20.0,0.75,telemetry-001,True,True,481.7072329206992,
canonical-contact-plan-routing-v1.1,deadline-aware,edf,1.0,1.0,1.0,1.5,20.0,0.75,waveform-001,False,False,,DEADLINE_INFEASIBLE
canonical-contact-plan-routing-v1.1,deadline-aware,edf,1.0,1.0,1.0,1.5,20.0,0.75,image-001,False,False,,INSUFFICIENT_CAPACITY
canonical-contact-plan-routing-v1.1,next-contact,edf,1.0,1.0,1.5,1.5,20.0,0.75,archive-001,True,True,565.2231623639059,
canonical-contact-plan-routing-v1.1,next-contact,edf,1.0,1.0,1.5,1.5,20.0,0.75,telemetry-001,True,True,481.7072329206992,
canonical-contact-plan-routing-v1.1,next-contact,edf,1.0,1.0,1.5,1.5,20.0,0.75,waveform-001,True,False,6361.338852343334,
canonical-contact-plan-routing-v1.1,next-contact,edf,1.0,1.0,1.5,1.5,20.0,0.75,image-001,False,False,,INSUFFICIENT_CAPACITY
canonical-contact-plan-routing-v1.1,earliest-arrival,edf,1.0,1.0,1.5,1.5,20.0,0.75,archive-001,True,True,565.2231623639059,
canonical-contact-plan-routing-v1.1,earliest-arrival,edf,1.0,1.0,1.5,1.5,20.0,0.75,telemetry-001,True,True,481.7072329206992,
canonical-contact-plan-routing-v1.1,earliest-arrival,edf,1.0,1.0,1.5,1.5,20.0,0.75,waveform-001,True,False,6361.338852343334,
canonical-contact-plan-routing-v1.1,earliest-arrival,edf,1.0,1.0,1.5,1.5,20.0,0.75,image-001,False,False,,INSUFFICIENT_CAPACITY
canonical-contact-plan-routing-v1.1,deadline-aware,edf,1.0,1.0,1.5,1.5,20.0,0.75,archive-001,True,True,565.2231623639059,
canonical-contact-plan-routing-v1.1,deadline-aware,edf,1.0,1.0,1.5,1.5,20.0,0.75,telemetry-001,True,True,481.7072329206992,
canonical-contact-plan-routing-v1.1,deadline-aware,edf,1.0,1.0,1.5,1.5,20.0,0.75,waveform-001,False,False,,DEADLINE_INFEASIBLE
canonical-contact-plan-routing-v1.1,deadline-aware,edf,1.0,1.0,1.5,1.5,20.0,0.75,image-001,False,False,,INSUFFICIENT_CAPACITY
canonical-contact-plan-routing-v1.1,next-contact,edf,1.0,1.25,0.75,1.5,20.0,0.75,archive-001,False,False,,INSUFFICIENT_CAPACITY
canonical-contact-plan-routing-v1.1,next-contact,edf,1.0,1.25,0.75,1.5,20.0,0.75,telemetry-001,True,True,383.7473002994997,
canonical-contact-plan-routing-v1.1,next-contact,edf,1.0,1.25,0.75,1.5,20.0,0.75,waveform-001,True,True,463.49159466374385,
canonical-contact-plan-routing-v1.1,next-contact,edf,1.0,1.25,0.75,1.5,20.0,0.75,image-001,False,False,,INSUFFICIENT_CAPACITY
canonical-contact-plan-routing-v1.1,earliest-arrival,edf,1.0,1.25,0.75,1.5,20.0,0.75,archive-001,False,False,,INSUFFICIENT_CAPACITY
canonical-contact-plan-routing-v1.1,earliest-arrival,edf,1.0,1.25,0.75,1.5,20.0,0.75,telemetry-001,True,True,383.7473002994997,
canonical-contact-plan-routing-v1.1,earliest-arrival,edf,1.0,1.25,0.75,1.5,20.0,0.75,waveform-001,True,True,438.10584042620576,
canonical-contact-plan-routing-v1.1,earliest-arrival,edf,1.0,1.25,0.75,1.5,20.0,0.75,image-001,False,False,,INSUFFICIENT_CAPACITY
canonical-contact-plan-routing-v1.1,deadline-aware,edf,1.0,1.25,0.75,1.5,20.0,0.75,archive-001,False,False,,INSUFFICIENT_CAPACITY
canonical-contact-plan-routing-v1.1,deadline-aware,edf,1.0,1.25,0.75,1.5,20.0,0.75,telemetry-001,True,True,383.7473002994997,
canonical-contact-plan-routing-v1.1,deadline-aware,edf,1.0,1.25,0.75,1.5,20.0,0.75,waveform-001,True,True,438.10584042620576,
canonical-contact-plan-routing-v1.1,deadline-aware,edf,1.0,1.25,0.75,1.5,20.0,0.75,image-001,False,False,,INSUFFICIENT_CAPACITY
canonical-contact-plan-routing-v1.1,next-contact,edf,1.0,1.25,1.0,1.5,20.0,0.75,archive-001,False,False,,INSUFFICIENT_CAPACITY
canonical-contact-plan-routing-v1.1,next-contact,edf,1.0,1.25,1.0,1.5,20.0,0.75,telemetry-001,True,True,383.7473002994997,
canonical-contact-plan-routing-v1.1,next-contact,edf,1.0,1.25,1.0,1.5,20.0,0.75,waveform-001,True,True,463.49159466374385,
canonical-contact-plan-routing-v1.1,next-contact,edf,1.0,1.25,1.0,1.5,20.0,0.75,image-001,False,False,,INSUFFICIENT_CAPACITY
canonical-contact-plan-routing-v1.1,earliest-arrival,edf,1.0,1.25,1.0,1.5,20.0,0.75,archive-001,False,False,,INSUFFICIENT_CAPACITY
canonical-contact-plan-routing-v1.1,earliest-arrival,edf,1.0,1.25,1.0,1.5,20.0,0.75,telemetry-001,True,True,383.7473002994997,
canonical-contact-plan-routing-v1.1,earliest-arrival,edf,1.0,1.25,1.0,1.5,20.0,0.75,waveform-001,True,True,438.10584042620576,
canonical-contact-plan-routing-v1.1,earliest-arrival,edf,1.0,1.25,1.0,1.5,20.0,0.75,image-001,False,False,,INSUFFICIENT_CAPACITY
canonical-contact-plan-routing-v1.1,deadline-aware,edf,1.0,1.25,1.0,1.5,20.0,0.75,archive-001,False,False,,INSUFFICIENT_CAPACITY
canonical-contact-plan-routing-v1.1,deadline-aware,edf,1.0,1.25,1.0,1.5,20.0,0.75,telemetry-001,True,True,383.7473002994997,
canonical-contact-plan-routing-v1.1,deadline-aware,edf,1.0,1.25,1.0,1.5,20.0,0.75,waveform-001,True,True,438.10584042620576,
canonical-contact-plan-routing-v1.1,deadline-aware,edf,1.0,1.25,1.0,1.5,20.0,0.75,image-001,False,False,,INSUFFICIENT_CAPACITY
canonical-contact-plan-routing-v1.1,next-contact,edf,1.0,1.25,1.5,1.5,20.0,0.75,archive-001,False,False,,INSUFFICIENT_CAPACITY
canonical-contact-plan-routing-v1.1,next-contact,edf,1.0,1.25,1.5,1.5,20.0,0.75,telemetry-001,True,True,383.7473002994997,
canonical-contact-plan-routing-v1.1,next-contact,edf,1.0,1.25,1.5,1.5,20.0,0.75,waveform-001,True,True,463.49159466374385,
canonical-contact-plan-routing-v1.1,next-contact,edf,1.0,1.25,1.5,1.5,20.0,0.75,image-001,False,False,,INSUFFICIENT_CAPACITY
canonical-contact-plan-routing-v1.1,earliest-arrival,edf,1.0,1.25,1.5,1.5,20.0,0.75,archive-001,False,False,,INSUFFICIENT_CAPACITY
canonical-contact-plan-routing-v1.1,earliest-arrival,edf,1.0,1.25,1.5,1.5,20.0,0.75,telemetry-001,True,True,383.7473002994997,
canonical-contact-plan-routing-v1.1,earliest-arrival,edf,1.0,1.25,1.5,1.5,20.0,0.75,waveform-001,True,True,438.10584042620576,
canonical-contact-plan-routing-v1.1,earliest-arrival,edf,1.0,1.25,1.5,1.5,20.0,0.75,image-001,False,False,,INSUFFICIENT_CAPACITY
canonical-contact-plan-routing-v1.1,deadline-aware,edf,1.0,1.25,1.5,1.5,20.0,0.75,archive-001,False,False,,INSUFFICIENT_CAPACITY
canonical-contact-plan-routing-v1.1,deadline-aware,edf,1.0,1.25,1.5,1.5,20.0,0.75,telemetry-001,True,True,383.7473002994997,
canonical-contact-plan-routing-v1.1,deadline-aware,edf,1.0,1.25,1.5,1.5,20.0,0.75,waveform-001,True,True,438.10584042620576,
canonical-contact-plan-routing-v1.1,deadline-aware,edf,1.0,1.25,1.5,1.5,20.0,0.75,image-001,False,False,,INSUFFICIENT_CAPACITY
canonical-contact-plan-routing-v1.1,next-contact,edf,1.0,0.75,0.75,0.5,20.0,1.25,archive-001,True,True,433.4180575797985,
canonical-contact-plan-routing-v1.1,next-contact,edf,1.0,0.75,0.75,0.5,20.0,1.25,telemetry-001,True,True,386.9418266390531,
canonical-contact-plan-routing-v1.1,next-contact,edf,1.0,0.75,0.75,0.5,20.0,1.25,waveform-001,True,True,371.57223336041,
canonical-contact-plan-routing-v1.1,next-contact,edf,1.0,0.75,0.75,0.5,20.0,1.25,image-001,False,False,,INSUFFICIENT_CAPACITY
canonical-contact-plan-routing-v1.1,earliest-arrival,edf,1.0,0.75,0.75,0.5,20.0,1.25,archive-001,True,True,433.4180575797985,
canonical-contact-plan-routing-v1.1,earliest-arrival,edf,1.0,0.75,0.75,0.5,20.0,1.25,telemetry-001,True,True,374.15515937611104,
canonical-contact-plan-routing-v1.1,earliest-arrival,edf,1.0,0.75,0.75,0.5,20.0,1.25,waveform-001,True,True,370.4386610159098,
canonical-contact-plan-routing-v1.1,earliest-arrival,edf,1.0,0.75,0.75,0.5,20.0,1.25,image-001,False,False,,INSUFFICIENT_CAPACITY
canonical-contact-plan-routing-v1.1,deadline-aware,edf,1.0,0.75,0.75,0.5,20.0,1.25,archive-001,True,True,433.4180575797985,
canonical-contact-plan-routing-v1.1,deadline-aware,edf,1.0,0.75,0.75,0.5,20.0,1.25,telemetry-001,True,True,374.15515937611104,
canonical-contact-plan-routing-v1.1,deadline-aware,edf,1.0,0.75,0.75,0.5,20.0,1.25,waveform-001,True,True,370.4386610159098,
canonical-contact-plan-routing-v1.1,deadline-aware,edf,1.0,0.75,0.75,0.5,20.0,1.25,image-001,False,False,,INSUFFICIENT_CAPACITY
canonical-contact-plan-routing-v1.1,next-contact,edf,1.0,0.75,1.0,0.5,20.0,1.25,archive-001,True,True,433.4180575797985,
canonical-contact-plan-routing-v1.1,next-contact,edf,1.0,0.75,1.0,0.5,20.0,1.25,telemetry-001,True,True,386.9418266390531,
canonical-contact-plan-routing-v1.1,next-contact,edf,1.0,0.75,1.0,0.5,20.0,1.25,waveform-001,True,True,371.57223336041,
canonical-contact-plan-routing-v1.1,next-contact,edf,1.0,0.75,1.0,0.5,20.0,1.25,image-001,False,False,,INSUFFICIENT_CAPACITY
canonical-contact-plan-routing-v1.1,earliest-arrival,edf,1.0,0.75,1.0,0.5,20.0,1.25,archive-001,True,True,433.4180575797985,
canonical-contact-plan-routing-v1.1,earliest-arrival,edf,1.0,0.75,1.0,0.5,20.0,1.25,telemetry-001,True,True,374.15515937611104,
canonical-contact-plan-routing-v1.1,earliest-arrival,edf,1.0,0.75,1.0,0.5,20.0,1.25,waveform-001,True,True,370.4386610159098,
canonical-contact-plan-routing-v1.1,earliest-arrival,edf,1.0,0.75,1.0,0.5,20.0,1.25,image-001,False,False,,INSUFFICIENT_CAPACITY
canonical-contact-plan-routing-v1.1,deadline-aware,edf,1.0,0.75,1.0,0.5,20.0,1.25,archive-001,True,True,433.4180575797985,
canonical-contact-plan-routing-v1.1,deadline-aware,edf,1.0,0.75,1.0,0.5,20.0,1.25,telemetry-001,True,True,374.15515937611104,
canonical-contact-plan-routing-v1.1,deadline-aware,edf,1.0,0.75,1.0,0.5,20.0,1.25,waveform-001,True,True,370.4386610159098,
canonical-contact-plan-routing-v1.1,deadline-aware,edf,1.0,0.75,1.0,0.5,20.0,1.25,image-001,False,False,,INSUFFICIENT_CAPACITY
canonical-contact-plan-routing-v1.1,next-contact,edf,1.0,0.75,1.5,0.5,20.0,1.25,archive-001,True,True,433.4180575797985,
canonical-contact-plan-routing-v1.1,next-contact,edf,1.0,0.75,1.5,0.5,20.0,1.25,telemetry-001,True,True,386.9418266390531,
canonical-contact-plan-routing-v1.1,next-contact,edf,1.0,0.75,1.5,0.5,20.0,1.25,waveform-001,True,True,371.57223336041,
canonical-contact-plan-routing-v1.1,next-contact,edf,1.0,0.75,1.5,0.5,20.0,1.25,image-001,False,False,,INSUFFICIENT_CAPACITY
canonical-contact-plan-routing-v1.1,earliest-arrival,edf,1.0,0.75,1.5,0.5,20.0,1.25,archive-001,True,True,433.4180575797985,
canonical-contact-plan-routing-v1.1,earliest-arrival,edf,1.0,0.75,1.5,0.5,20.0,1.25,telemetry-001,True,True,374.15515937611104,
canonical-contact-plan-routing-v1.1,earliest-arrival,edf,1.0,0.75,1.5,0.5,20.0,1.25,waveform-001,True,True,370.4386610159098,
canonical-contact-plan-routing-v1.1,earliest-arrival,edf,1.0,0.75,1.5,0.5,20.0,1.25,image-001,False,False,,INSUFFICIENT_CAPACITY
canonical-contact-plan-routing-v1.1,deadline-aware,edf,1.0,0.75,1.5,0.5,20.0,1.25,archive-001,True,True,433.4180575797985,
canonical-contact-plan-routing-v1.1,deadline-aware,edf,1.0,0.75,1.5,0.5,20.0,1.25,telemetry-001,True,True,374.15515937611104,
canonical-contact-plan-routing-v1.1,deadline-aware,edf,1.0,0.75,1.5,0.5,20.0,1.25,waveform-001,True,True,370.4386610159098,
canonical-contact-plan-routing-v1.1,deadline-aware,edf,1.0,0.75,1.5,0.5,20.0,1.25,image-001,False,False,,INSUFFICIENT_CAPACITY
canonical-contact-plan-routing-v1.1,next-contact,edf,1.0,1.0,0.75,0.5,20.0,1.25,archive-001,True,True,455.6746572851326,
canonical-contact-plan-routing-v1.1,next-contact,edf,1.0,1.0,0.75,0.5,20.0,1.25,telemetry-001,True,True,413.12937123302083,
canonical-contact-plan-routing-v1.1,next-contact,edf,1.0,1.0,0.75,0.5,20.0,1.25,waveform-001,True,True,404.7368493735196,
canonical-contact-plan-routing-v1.1,next-contact,edf,1.0,1.0,0.75,0.5,20.0,1.25,image-001,False,False,,INSUFFICIENT_CAPACITY
canonical-contact-plan-routing-v1.1,earliest-arrival,edf,1.0,1.0,0.75,0.5,20.0,1.25,archive-001,True,True,455.6746572851326,
canonical-contact-plan-routing-v1.1,earliest-arrival,edf,1.0,1.0,0.75,0.5,20.0,1.25,telemetry-001,True,True,399.53839291480153,
canonical-contact-plan-routing-v1.1,earliest-arrival,edf,1.0,1.0,0.75,0.5,20.0,1.25,waveform-001,True,True,411.07403133305286,
canonical-contact-plan-routing-v1.1,earliest-arrival,edf,1.0,1.0,0.75,0.5,20.0,1.25,image-001,False,False,,INSUFFICIENT_CAPACITY
canonical-contact-plan-routing-v1.1,deadline-aware,edf,1.0,1.0,0.75,0.5,20.0,1.25,archive-001,True,True,455.6746572851326,
canonical-contact-plan-routing-v1.1,deadline-aware,edf,1.0,1.0,0.75,0.5,20.0,1.25,telemetry-001,True,True,399.53839291480153,
canonical-contact-plan-routing-v1.1,deadline-aware,edf,1.0,1.0,0.75,0.5,20.0,1.25,waveform-001,True,True,411.07403133305286,
canonical-contact-plan-routing-v1.1,deadline-aware,edf,1.0,1.0,0.75,0.5,20.0,1.25,image-001,False,False,,INSUFFICIENT_CAPACITY
canonical-contact-plan-routing-v1.1,next-contact,edf,1.0,1.0,1.0,0.5,20.0,1.25,archive-001,True,True,455.6746572851326,
canonical-contact-plan-routing-v1.1,next-contact,edf,1.0,1.0,1.0,0.5,20.0,1.25,telemetry-001,True,True,413.12937123302083,
canonical-contact-plan-routing-v1.1,next-contact,edf,1.0,1.0,1.0,0.5,20.0,1.25,waveform-001,True,True,404.7368493735196,
canonical-contact-plan-routing-v1.1,next-contact,edf,1.0,1.0,1.0,0.5,20.0,1.25,image-001,False,False,,INSUFFICIENT_CAPACITY
canonical-contact-plan-routing-v1.1,earliest-arrival,edf,1.0,1.0,1.0,0.5,20.0,1.25,archive-001,True,True,455.6746572851326,
canonical-contact-plan-routing-v1.1,earliest-arrival,edf,1.0,1.0,1.0,0.5,20.0,1.25,telemetry-001,True,True,399.53839291480153,
canonical-contact-plan-routing-v1.1,earliest-arrival,edf,1.0,1.0,1.0,0.5,20.0,1.25,waveform-001,True,True,411.07403133305286,
canonical-contact-plan-routing-v1.1,earliest-arrival,edf,1.0,1.0,1.0,0.5,20.0,1.25,image-001,False,False,,INSUFFICIENT_CAPACITY
canonical-contact-plan-routing-v1.1,deadline-aware,edf,1.0,1.0,1.0,0.5,20.0,1.25,archive-001,True,True,455.6746572851326,
canonical-contact-plan-routing-v1.1,deadline-aware,edf,1.0,1.0,1.0,0.5,20.0,1.25,telemetry-001,True,True,399.53839291480153,
canonical-contact-plan-routing-v1.1,deadline-aware,edf,1.0,1.0,1.0,0.5,20.0,1.25,waveform-001,True,True,411.07403133305286,
canonical-contact-plan-routing-v1.1,deadline-aware,edf,1.0,1.0,1.0,0.5,20.0,1.25,image-001,False,False,,INSUFFICIENT_CAPACITY
canonical-contact-plan-routing-v1.1,next-contact,edf,1.0,1.0,1.5,0.5,20.0,1.25,archive-001,True,True,455.6746572851326,
canonical-contact-plan-routing-v1.1,next-contact,edf,1.0,1.0,1.5,0.5,20.0,1.25,telemetry-001,True,True,413.12937123302083,
canonical-contact-plan-routing-v1.1,next-contact,edf,1.0,1.0,1.5,0.5,20.0,1.25,waveform-001,True,True,404.7368493735196,
canonical-contact-plan-routing-v1.1,next-contact,edf,1.0,1.0,1.5,0.5,20.0,1.25,image-001,False,False,,INSUFFICIENT_CAPACITY
canonical-contact-plan-routing-v1.1,earliest-arrival,edf,1.0,1.0,1.5,0.5,20.0,1.25,archive-001,True,True,455.6746572851326,
canonical-contact-plan-routing-v1.1,earliest-arrival,edf,1.0,1.0,1.5,0.5,20.0,1.25,telemetry-001,True,True,399.53839291480153,
canonical-contact-plan-routing-v1.1,earliest-arrival,edf,1.0,1.0,1.5,0.5,20.0,1.25,waveform-001,True,True,411.07403133305286,
canonical-contact-plan-routing-v1.1,earliest-arrival,edf,1.0,1.0,1.5,0.5,20.0,1.25,image-001,False,False,,INSUFFICIENT_CAPACITY
canonical-contact-plan-routing-v1.1,deadline-aware,edf,1.0,1.0,1.5,0.5,20.0,1.25,archive-001,True,True,455.6746572851326,
canonical-contact-plan-routing-v1.1,deadline-aware,edf,1.0,1.0,1.5,0.5,20.0,1.25,telemetry-001,True,True,399.53839291480153,
canonical-contact-plan-routing-v1.1,deadline-aware,edf,1.0,1.0,1.5,0.5,20.0,1.25,waveform-001,True,True,411.07403133305286,
canonical-contact-plan-routing-v1.1,deadline-aware,edf,1.0,1.0,1.5,0.5,20.0,1.25,image-001,False,False,,INSUFFICIENT_CAPACITY
canonical-contact-plan-routing-v1.1,next-contact,edf,1.0,1.25,0.75,0.5,20.0,1.25,archive-001,True,True,477.597906384367,
canonical-contact-plan-routing-v1.1,next-contact,edf,1.0,1.25,0.75,0.5,20.0,1.25,telemetry-001,True,True,441.58932925960085,
canonical-contact-plan-routing-v1.1,next-contact,edf,1.0,1.25,0.75,0.5,20.0,1.25,waveform-001,True,True,459.82844490401214,
canonical-contact-plan-routing-v1.1,next-contact,edf,1.0,1.25,0.75,0.5,20.0,1.25,image-001,False,False,,INSUFFICIENT_CAPACITY
canonical-contact-plan-routing-v1.1,earliest-arrival,edf,1.0,1.25,0.75,0.5,20.0,1.25,archive-001,True,True,477.597906384367,
canonical-contact-plan-routing-v1.1,earliest-arrival,edf,1.0,1.25,0.75,0.5,20.0,1.25,telemetry-001,True,True,424.6519177223622,
canonical-contact-plan-routing-v1.1,earliest-arrival,edf,1.0,1.25,0.75,0.5,20.0,1.25,waveform-001,True,True,464.46372831015833,
canonical-contact-plan-routing-v1.1,earliest-arrival,edf,1.0,1.25,0.75,0.5,20.0,1.25,image-001,False,False,,INSUFFICIENT_CAPACITY
canonical-contact-plan-routing-v1.1,deadline-aware,edf,1.0,1.25,0.75,0.5,20.0,1.25,archive-001,True,True,477.597906384367,
canonical-contact-plan-routing-v1.1,deadline-aware,edf,1.0,1.25,0.75,0.5,20.0,1.25,telemetry-001,True,True,424.6519177223622,
canonical-contact-plan-routing-v1.1,deadline-aware,edf,1.0,1.25,0.75,0.5,20.0,1.25,waveform-001,True,True,464.46372831015833,
canonical-contact-plan-routing-v1.1,deadline-aware,edf,1.0,1.25,0.75,0.5,20.0,1.25,image-001,False,False,,INSUFFICIENT_CAPACITY
canonical-contact-plan-routing-v1.1,next-contact,edf,1.0,1.25,1.0,0.5,20.0,1.25,archive-001,True,True,477.597906384367,
canonical-contact-plan-routing-v1.1,next-contact,edf,1.0,1.25,1.0,0.5,20.0,1.25,telemetry-001,True,True,441.58932925960085,
canonical-contact-plan-routing-v1.1,next-contact,edf,1.0,1.25,1.0,0.5,20.0,1.25,waveform-001,True,True,459.82844490401214,
canonical-contact-plan-routing-v1.1,next-contact,edf,1.0,1.25,1.0,0.5,20.0,1.25,image-001,False,False,,INSUFFICIENT_CAPACITY
canonical-contact-plan-routing-v1.1,earliest-arrival,edf,1.0,1.25,1.0,0.5,20.0,1.25,archive-001,True,True,477.597906384367,
canonical-contact-plan-routing-v1.1,earliest-arrival,edf,1.0,1.25,1.0,0.5,20.0,1.25,telemetry-001,True,True,424.6519177223622,
canonical-contact-plan-routing-v1.1,earliest-arrival,edf,1.0,1.25,1.0,0.5,20.0,1.25,waveform-001,True,True,464.46372831015833,
canonical-contact-plan-routing-v1.1,earliest-arrival,edf,1.0,1.25,1.0,0.5,20.0,1.25,image-001,False,False,,INSUFFICIENT_CAPACITY
canonical-contact-plan-routing-v1.1,deadline-aware,edf,1.0,1.25,1.0,0.5,20.0,1.25,archive-001,True,True,477.597906384367,
canonical-contact-plan-routing-v1.1,deadline-aware,edf,1.0,1.25,1.0,0.5,20.0,1.25,telemetry-001,True,True,424.6519177223622,
canonical-contact-plan-routing-v1.1,deadline-aware,edf,1.0,1.25,1.0,0.5,20.0,1.25,waveform-001,True,True,464.46372831015833,
canonical-contact-plan-routing-v1.1,deadline-aware,edf,1.0,1.25,1.0,0.5,20.0,1.25,image-001,False,False,,INSUFFICIENT_CAPACITY
canonical-contact-plan-routing-v1.1,next-contact,edf,1.0,1.25,1.5,0.5,20.0,1.25,archive-001,True,True,477.597906384367,
canonical-contact-plan-routing-v1.1,next-contact,edf,1.0,1.25,1.5,0.5,20.0,1.25,telemetry-001,True,True,441.58932925960085,
canonical-contact-plan-routing-v1.1,next-contact,edf,1.0,1.25,1.5,0.5,20.0,1.25,waveform-001,True,True,459.82844490401214,
canonical-contact-plan-routing-v1.1,next-contact,edf,1.0,1.25,1.5,0.5,20.0,1.25,image-001,False,False,,INSUFFICIENT_CAPACITY
canonical-contact-plan-routing-v1.1,earliest-arrival,edf,1.0,1.25,1.5,0.5,20.0,1.25,archive-001,True,True,477.597906384367,
canonical-contact-plan-routing-v1.1,earliest-arrival,edf,1.0,1.25,1.5,0.5,20.0,1.25,telemetry-001,True,True,424.6519177223622,
canonical-contact-plan-routing-v1.1,earliest-arrival,edf,1.0,1.25,1.5,0.5,20.0,1.25,waveform-001,True,True,464.46372831015833,
canonical-contact-plan-routing-v1.1,earliest-arrival,edf,1.0,1.25,1.5,0.5,20.0,1.25,image-001,False,False,,INSUFFICIENT_CAPACITY
canonical-contact-plan-routing-v1.1,deadline-aware,edf,1.0,1.25,1.5,0.5,20.0,1.25,archive-001,True,True,477.597906384367,
canonical-contact-plan-routing-v1.1,deadline-aware,edf,1.0,1.25,1.5,0.5,20.0,1.25,telemetry-001,True,True,424.6519177223622,
canonical-contact-plan-routing-v1.1,deadline-aware,edf,1.0,1.25,1.5,0.5,20.0,1.25,waveform-001,True,True,464.46372831015833,
canonical-contact-plan-routing-v1.1,deadline-aware,edf,1.0,1.25,1.5,0.5,20.0,1.25,image-001,False,False,,INSUFFICIENT_CAPACITY
canonical-contact-plan-routing-v1.1,next-contact,edf,1.0,0.75,0.75,1.5,20.0,1.25,archive-001,True,True,478.4180575797985,
canonical-contact-plan-routing-v1.1,next-contact,edf,1.0,0.75,0.75,1.5,20.0,1.25,telemetry-001,True,True,431.9418266390531,
canonical-contact-plan-routing-v1.1,next-contact,edf,1.0,0.75,0.75,1.5,20.0,1.25,waveform-001,True,True,416.57223336041,
canonical-contact-plan-routing-v1.1,next-contact,edf,1.0,0.75,0.75,1.5,20.0,1.25,image-001,False,False,,INSUFFICIENT_CAPACITY
canonical-contact-plan-routing-v1.1,earliest-arrival,edf,1.0,0.75,0.75,1.5,20.0,1.25,archive-001,True,True,478.4180575797985,
canonical-contact-plan-routing-v1.1,earliest-arrival,edf,1.0,0.75,0.75,1.5,20.0,1.25,telemetry-001,True,True,379.15515937611104,
canonical-contact-plan-routing-v1.1,earliest-arrival,edf,1.0,0.75,0.75,1.5,20.0,1.25,waveform-001,True,True,375.4386610159098,
canonical-contact-plan-routing-v1.1,earliest-arrival,edf,1.0,0.75,0.75,1.5,20.0,1.25,image-001,False,False,,INSUFFICIENT_CAPACITY
canonical-contact-plan-routing-v1.1,deadline-aware,edf,1.0,0.75,0.75,1.5,20.0,1.25,archive-001,True,True,478.4180575797985,
canonical-contact-plan-routing-v1.1,deadline-aware,edf,1.0,0.75,0.75,1.5,20.0,1.25,telemetry-001,True,True,379.15515937611104,
canonical-contact-plan-routing-v1.1,deadline-aware,edf,1.0,0.75,0.75,1.5,20.0,1.25,waveform-001,True,True,375.4386610159098,
canonical-contact-plan-routing-v1.1,deadline-aware,edf,1.0,0.75,0.75,1.5,20.0,1.25,image-001,False,False,,INSUFFICIENT_CAPACITY
canonical-contact-plan-routing-v1.1,next-contact,edf,1.0,0.75,1.0,1.5,20.0,1.25,archive-001,True,True,478.4180575797985,
canonical-contact-plan-routing-v1.1,next-contact,edf,1.0,0.75,1.0,1.5,20.0,1.25,telemetry-001,True,True,431.9418266390531,
canonical-contact-plan-routing-v1.1,next-contact,edf,1.0,0.75,1.0,1.5,20.0,1.25,waveform-001,True,True,416.57223336041,
canonical-contact-plan-routing-v1.1,next-contact,edf,1.0,0.75,1.0,1.5,20.0,1.25,image-001,False,False,,INSUFFICIENT_CAPACITY
canonical-contact-plan-routing-v1.1,earliest-arrival,edf,1.0,0.75,1.0,1.5,20.0,1.25,archive-001,True,True,478.4180575797985,
canonical-contact-plan-routing-v1.1,earliest-arrival,edf,1.0,0.75,1.0,1.5,20.0,1.25,telemetry-001,True,True,379.15515937611104,
canonical-contact-plan-routing-v1.1,earliest-arrival,edf,1.0,0.75,1.0,1.5,20.0,1.25,waveform-001,True,True,375.4386610159098,
canonical-contact-plan-routing-v1.1,earliest-arrival,edf,1.0,0.75,1.0,1.5,20.0,1.25,image-001,False,False,,INSUFFICIENT_CAPACITY
canonical-contact-plan-routing-v1.1,deadline-aware,edf,1.0,0.75,1.0,1.5,20.0,1.25,archive-001,True,True,478.4180575797985,
canonical-contact-plan-routing-v1.1,deadline-aware,edf,1.0,0.75,1.0,1.5,20.0,1.25,telemetry-001,True,True,379.15515937611104,
canonical-contact-plan-routing-v1.1,deadline-aware,edf,1.0,0.75,1.0,1.5,20.0,1.25,waveform-001,True,True,375.4386610159098,
canonical-contact-plan-routing-v1.1,deadline-aware,edf,1.0,0.75,1.0,1.5,20.0,1.25,image-001,False,False,,INSUFFICIENT_CAPACITY
canonical-contact-plan-routing-v1.1,next-contact,edf,1.0,0.75,1.5,1.5,20.0,1.25,archive-001,True,True,478.4180575797985,
canonical-contact-plan-routing-v1.1,next-contact,edf,1.0,0.75,1.5,1.5,20.0,1.25,telemetry-001,True,True,431.9418266390531,
canonical-contact-plan-routing-v1.1,next-contact,edf,1.0,0.75,1.5,1.5,20.0,1.25,waveform-001,True,True,416.57223336041,
canonical-contact-plan-routing-v1.1,next-contact,edf,1.0,0.75,1.5,1.5,20.0,1.25,image-001,False,False,,INSUFFICIENT_CAPACITY
canonical-contact-plan-routing-v1.1,earliest-arrival,edf,1.0,0.75,1.5,1.5,20.0,1.25,archive-001,True,True,478.4180575797985,
canonical-contact-plan-routing-v1.1,earliest-arrival,edf,1.0,0.75,1.5,1.5,20.0,1.25,telemetry-001,True,True,379.15515937611104,
canonical-contact-plan-routing-v1.1,earliest-arrival,edf,1.0,0.75,1.5,1.5,20.0,1.25,waveform-001,True,True,375.4386610159098,
canonical-contact-plan-routing-v1.1,earliest-arrival,edf,1.0,0.75,1.5,1.5,20.0,1.25,image-001,False,False,,INSUFFICIENT_CAPACITY
canonical-contact-plan-routing-v1.1,deadline-aware,edf,1.0,0.75,1.5,1.5,20.0,1.25,archive-001,True,True,478.4180575797985,
canonical-contact-plan-routing-v1.1,deadline-aware,edf,1.0,0.75,1.5,1.5,20.0,1.25,telemetry-001,True,True,379.15515937611104,
canonical-contact-plan-routing-v1.1,deadline-aware,edf,1.0,0.75,1.5,1.5,20.0,1.25,waveform-001,True,True,375.4386610159098,
canonical-contact-plan-routing-v1.1,deadline-aware,edf,1.0,0.75,1.5,1.5,20.0,1.25,image-001,False,False,,INSUFFICIENT_CAPACITY
canonical-contact-plan-routing-v1.1,next-contact,edf,1.0,1.0,0.75,1.5,20.0,1.25,archive-001,True,True,500.6746572851326,
canonical-contact-plan-routing-v1.1,next-contact,edf,1.0,1.0,0.75,1.5,20.0,1.25,telemetry-001,True,True,458.12937123302083,
canonical-contact-plan-routing-v1.1,next-contact,edf,1.0,1.0,0.75,1.5,20.0,1.25,waveform-001,True,True,409.7368493735196,
canonical-contact-plan-routing-v1.1,next-contact,edf,1.0,1.0,0.75,1.5,20.0,1.25,image-001,False,False,,INSUFFICIENT_CAPACITY
canonical-contact-plan-routing-v1.1,earliest-arrival,edf,1.0,1.0,0.75,1.5,20.0,1.25,archive-001,True,True,500.6746572851326,
canonical-contact-plan-routing-v1.1,earliest-arrival,edf,1.0,1.0,0.75,1.5,20.0,1.25,telemetry-001,True,True,404.53839291480153,
canonical-contact-plan-routing-v1.1,earliest-arrival,edf,1.0,1.0,0.75,1.5,20.0,1.25,waveform-001,True,True,416.07403133305286,
canonical-contact-plan-routing-v1.1,earliest-arrival,edf,1.0,1.0,0.75,1.5,20.0,1.25,image-001,False,False,,INSUFFICIENT_CAPACITY
canonical-contact-plan-routing-v1.1,deadline-aware,edf,1.0,1.0,0.75,1.5,20.0,1.25,archive-001,True,True,500.6746572851326,
canonical-contact-plan-routing-v1.1,deadline-aware,edf,1.0,1.0,0.75,1.5,20.0,1.25,telemetry-001,True,True,404.53839291480153,
canonical-contact-plan-routing-v1.1,deadline-aware,edf,1.0,1.0,0.75,1.5,20.0,1.25,waveform-001,True,True,416.07403133305286,
canonical-contact-plan-routing-v1.1,deadline-aware,edf,1.0,1.0,0.75,1.5,20.0,1.25,image-001,False,False,,INSUFFICIENT_CAPACITY
canonical-contact-plan-routing-v1.1,next-contact,edf,1.0,1.0,1.0,1.5,20.0,1.25,archive-001,True,True,500.6746572851326,
canonical-contact-plan-routing-v1.1,next-contact,edf,1.0,1.0,1.0,1.5,20.0,1.25,telemetry-001,True,True,458.12937123302083,
canonical-contact-plan-routing-v1.1,next-contact,edf,1.0,1.0,1.0,1.5,20.0,1.25,waveform-001,True,True,409.7368493735196,
canonical-contact-plan-routing-v1.1,next-contact,edf,1.0,1.0,1.0,1.5,20.0,1.25,image-001,False,False,,INSUFFICIENT_CAPACITY
canonical-contact-plan-routing-v1.1,earliest-arrival,edf,1.0,1.0,1.0,1.5,20.0,1.25,archive-001,True,True,500.6746572851326,
canonical-contact-plan-routing-v1.1,earliest-arrival,edf,1.0,1.0,1.0,1.5,20.0,1.25,telemetry-001,True,True,404.53839291480153,
canonical-contact-plan-routing-v1.1,earliest-arrival,edf,1.0,1.0,1.0,1.5,20.0,1.25,waveform-001,True,True,416.07403133305286,
canonical-contact-plan-routing-v1.1,earliest-arrival,edf,1.0,1.0,1.0,1.5,20.0,1.25,image-001,False,False,,INSUFFICIENT_CAPACITY
canonical-contact-plan-routing-v1.1,deadline-aware,edf,1.0,1.0,1.0,1.5,20.0,1.25,archive-001,True,True,500.6746572851326,
canonical-contact-plan-routing-v1.1,deadline-aware,edf,1.0,1.0,1.0,1.5,20.0,1.25,telemetry-001,True,True,404.53839291480153,
canonical-contact-plan-routing-v1.1,deadline-aware,edf,1.0,1.0,1.0,1.5,20.0,1.25,waveform-001,True,True,416.07403133305286,
canonical-contact-plan-routing-v1.1,deadline-aware,edf,1.0,1.0,1.0,1.5,20.0,1.25,image-001,False,False,,INSUFFICIENT_CAPACITY
canonical-contact-plan-routing-v1.1,next-contact,edf,1.0,1.0,1.5,1.5,20.0,1.25,archive-001,True,True,500.6746572851326,
canonical-contact-plan-routing-v1.1,next-contact,edf,1.0,1.0,1.5,1.5,20.0,1.25,telemetry-001,True,True,458.12937123302083,
canonical-contact-plan-routing-v1.1,next-contact,edf,1.0,1.0,1.5,1.5,20.0,1.25,waveform-001,True,True,409.7368493735196,
canonical-contact-plan-routing-v1.1,next-contact,edf,1.0,1.0,1.5,1.5,20.0,1.25,image-001,False,False,,INSUFFICIENT_CAPACITY
canonical-contact-plan-routing-v1.1,earliest-arrival,edf,1.0,1.0,1.5,1.5,20.0,1.25,archive-001,True,True,500.6746572851326,
canonical-contact-plan-routing-v1.1,earliest-arrival,edf,1.0,1.0,1.5,1.5,20.0,1.25,telemetry-001,True,True,404.53839291480153,
canonical-contact-plan-routing-v1.1,earliest-arrival,edf,1.0,1.0,1.5,1.5,20.0,1.25,waveform-001,True,True,416.07403133305286,
canonical-contact-plan-routing-v1.1,earliest-arrival,edf,1.0,1.0,1.5,1.5,20.0,1.25,image-001,False,False,,INSUFFICIENT_CAPACITY
canonical-contact-plan-routing-v1.1,deadline-aware,edf,1.0,1.0,1.5,1.5,20.0,1.25,archive-001,True,True,500.6746572851326,
canonical-contact-plan-routing-v1.1,deadline-aware,edf,1.0,1.0,1.5,1.5,20.0,1.25,telemetry-001,True,True,404.53839291480153,
canonical-contact-plan-routing-v1.1,deadline-aware,edf,1.0,1.0,1.5,1.5,20.0,1.25,waveform-001,True,True,416.07403133305286,
canonical-contact-plan-routing-v1.1,deadline-aware,edf,1.0,1.0,1.5,1.5,20.0,1.25,image-001,False,False,,INSUFFICIENT_CAPACITY
canonical-contact-plan-routing-v1.1,next-contact,edf,1.0,1.25,0.75,1.5,20.0,1.25,archive-001,True,True,522.597906384367,
canonical-contact-plan-routing-v1.1,next-contact,edf,1.0,1.25,0.75,1.5,20.0,1.25,telemetry-001,True,True,486.58932925960085,
canonical-contact-plan-routing-v1.1,next-contact,edf,1.0,1.25,0.75,1.5,20.0,1.25,waveform-001,True,True,464.82844490401214,
canonical-contact-plan-routing-v1.1,next-contact,edf,1.0,1.25,0.75,1.5,20.0,1.25,image-001,False,False,,INSUFFICIENT_CAPACITY
canonical-contact-plan-routing-v1.1,earliest-arrival,edf,1.0,1.25,0.75,1.5,20.0,1.25,archive-001,True,True,522.597906384367,
canonical-contact-plan-routing-v1.1,earliest-arrival,edf,1.0,1.25,0.75,1.5,20.0,1.25,telemetry-001,True,True,429.6519177223622,
canonical-contact-plan-routing-v1.1,earliest-arrival,edf,1.0,1.25,0.75,1.5,20.0,1.25,waveform-001,True,True,469.46372831015833,
canonical-contact-plan-routing-v1.1,earliest-arrival,edf,1.0,1.25,0.75,1.5,20.0,1.25,image-001,False,False,,INSUFFICIENT_CAPACITY
canonical-contact-plan-routing-v1.1,deadline-aware,edf,1.0,1.25,0.75,1.5,20.0,1.25,archive-001,True,True,522.597906384367,
canonical-contact-plan-routing-v1.1,deadline-aware,edf,1.0,1.25,0.75,1.5,20.0,1.25,telemetry-001,True,True,429.6519177223622,
canonical-contact-plan-routing-v1.1,deadline-aware,edf,1.0,1.25,0.75,1.5,20.0,1.25,waveform-001,True,True,469.46372831015833,
canonical-contact-plan-routing-v1.1,deadline-aware,edf,1.0,1.25,0.75,1.5,20.0,1.25,image-001,False,False,,INSUFFICIENT_CAPACITY
canonical-contact-plan-routing-v1.1,next-contact,edf,1.0,1.25,1.0,1.5,20.0,1.25,archive-001,True,True,522.597906384367,
canonical-contact-plan-routing-v1.1,next-contact,edf,1.0,1.25,1.0,1.5,20.0,1.25,telemetry-001,True,True,486.58932925960085,
canonical-contact-plan-routing-v1.1,next-contact,edf,1.0,1.25,1.0,1.5,20.0,1.25,waveform-001,True,True,464.82844490401214,
canonical-contact-plan-routing-v1.1,next-contact,edf,1.0,1.25,1.0,1.5,20.0,1.25,image-001,False,False,,INSUFFICIENT_CAPACITY
canonical-contact-plan-routing-v1.1,earliest-arrival,edf,1.0,1.25,1.0,1.5,20.0,1.25,archive-001,True,True,522.597906384367,
canonical-contact-plan-routing-v1.1,earliest-arrival,edf,1.0,1.25,1.0,1.5,20.0,1.25,telemetry-001,True,True,429.6519177223622,
canonical-contact-plan-routing-v1.1,earliest-arrival,edf,1.0,1.25,1.0,1.5,20.0,1.25,waveform-001,True,True,469.46372831015833,
canonical-contact-plan-routing-v1.1,earliest-arrival,edf,1.0,1.25,1.0,1.5,20.0,1.25,image-001,False,False,,INSUFFICIENT_CAPACITY
canonical-contact-plan-routing-v1.1,deadline-aware,edf,1.0,1.25,1.0,1.5,20.0,1.25,archive-001,True,True,522.597906384367,
canonical-contact-plan-routing-v1.1,deadline-aware,edf,1.0,1.25,1.0,1.5,20.0,1.25,telemetry-001,True,True,429.6519177223622,
canonical-contact-plan-routing-v1.1,deadline-aware,edf,1.0,1.25,1.0,1.5,20.0,1.25,waveform-001,True,True,469.46372831015833,
canonical-contact-plan-routing-v1.1,deadline-aware,edf,1.0,1.25,1.0,1.5,20.0,1.25,image-001,False,False,,INSUFFICIENT_CAPACITY
canonical-contact-plan-routing-v1.1,next-contact,edf,1.0,1.25,1.5,1.5,20.0,1.25,archive-001,True,True,522.597906384367,
canonical-contact-plan-routing-v1.1,next-contact,edf,1.0,1.25,1.5,1.5,20.0,1.25,telemetry-001,True,True,486.58932925960085,
canonical-contact-plan-routing-v1.1,next-contact,edf,1.0,1.25,1.5,1.5,20.0,1.25,waveform-001,True,True,464.82844490401214,
canonical-contact-plan-routing-v1.1,next-contact,edf,1.0,1.25,1.5,1.5,20.0,1.25,image-001,False,False,,INSUFFICIENT_CAPACITY
canonical-contact-plan-routing-v1.1,earliest-arrival,edf,1.0,1.25,1.5,1.5,20.0,1.25,archive-001,True,True,522.597906384367,
canonical-contact-plan-routing-v1.1,earliest-arrival,edf,1.0,1.25,1.5,1.5,20.0,1.25,telemetry-001,True,True,429.6519177223622,
canonical-contact-plan-routing-v1.1,earliest-arrival,edf,1.0,1.25,1.5,1.5,20.0,1.25,waveform-001,True,True,469.46372831015833,
canonical-contact-plan-routing-v1.1,earliest-arrival,edf,1.0,1.25,1.5,1.5,20.0,1.25,image-001,False,False,,INSUFFICIENT_CAPACITY
canonical-contact-plan-routing-v1.1,deadline-aware,edf,1.0,1.25,1.5,1.5,20.0,1.25,archive-001,True,True,522.597906384367,
canonical-contact-plan-routing-v1.1,deadline-aware,edf,1.0,1.25,1.5,1.5,20.0,1.25,telemetry-001,True,True,429.6519177223622,
canonical-contact-plan-routing-v1.1,deadline-aware,edf,1.0,1.25,1.5,1.5,20.0,1.25,waveform-001,True,True,469.46372831015833,
canonical-contact-plan-routing-v1.1,deadline-aware,edf,1.0,1.25,1.5,1.5,20.0,1.25,image-001,False,False,,INSUFFICIENT_CAPACITY
